imu_ax, imu_ay, kf_ax, kf_ay, kf_vx, kf_w, odom_x, odom_y, kf_x, kf_y, stamp, 
-0.002603769302368164, -0.010527312755584717, -0.0022311207234665315, 1.786843575031096e-16, -1.5902499810880486e-05, -1.123624333457648e-11, 2.9059390271868324e-07, -3.354845432568254e-07, 4.770749943264147e-06, 0.0, 1731684419971485887, 
0.0005755424499511719, 0.007644176483154297, -1.6087195724022625e-06, 5.545630486883453e-11, -3.8221460506934464e-05, -1.4509206119628309e-06, 2.9059390271868324e-07, -3.354845432568254e-07, 7.38236191746275e-06, 2.5635615061463623e-14, 1731684420019176172, 
-0.01556706428527832, 0.00764697790145874, -0.01231910765902157, 3.440727027265662e-11, -6.431967772341507e-05, -5.34941583827789e-07, 2.9059390271868324e-07, -3.354845432568254e-07, 1.1539348289824708e-05, -3.524805948821683e-15, 1731684420051401721, 
-0.002885282039642334, 0.0059473514556884766, -0.004850134123142611, 1.4669718183136411e-09, -0.00023615758467290847, -6.211834442435883e-06, 2.9059390271868324e-07, -3.354845432568254e-07, 2.8816582334945337e-05, -2.104123608577519e-12, 1731684420115162518, 
-0.008117616176605225, -0.010200560092926025, -0.007432846637720025, -7.329060258875222e-10, -0.0001619863634414327, 4.524492125860394e-06, 2.9059390271868324e-07, -3.354845432568254e-07, 2.146272270550178e-05, -5.009753377517435e-15, 1731684420163156607, 
0.02073603868484497, -0.006497621536254883, 0.014877415805205817, -0.00013105157280232258, 0.004123651772106408, -0.031780465481783385, 0.0002562703739386052, 2.6097422960447147e-05, 0.0001248690792498086, 3.710542804602474e-09, 1731684420211278454, 
1.0151638984680176, -0.3969535827636719, 0.8065077031887181, -0.012637571345840648, 0.0489723469804892, -0.2580552520971787, 0.003037435933947563, -0.00020854633476119488, 0.0012238273475932275, -1.3700718395280065e-06, 1731684420275497660, 
0.6270202398300171, -0.2552313804626465, 0.6644840639155601, -0.06045550938402458, 0.1269816167810984, -0.47609654780378863, 0.005456126295030117, -0.00043814562377519906, 0.006132172245463146, -5.6217869478140264e-05, 1731684420306972413, 
0.4844592809677124, -0.7391611337661743, 0.5226749747709649, -0.2681408678798243, 0.32899080114983076, -0.8150406240620269, 0.017579179257154465, -0.001694840262643993, 0.022143526090285828, -0.0007232809001822986, 1731684420419266262, 
0.7270723581314087, -0.13911980390548706, 0.6834403641456458, -0.17940506060106987, 0.17426469173573245, -1.0294974777399695, 0.03368404880166054, -0.004487017169594765, 0.04977482036985759, -0.0035498582450994172, 1731684420515175949, 
0.4730517268180847, -0.3842381238937378, 0.5171260865544122, -0.35196534413510583, 0.265189708611015, -1.3272209769323096, 0.05407325550913811, -0.01019231230020523, 0.0663176183678626, -0.006704385262921066, 1731684420611480085, 
-0.5486988425254822, -0.06583279371261597, -0.32711659064442067, -0.17509665544859196, 0.11908259311858854, -1.4703799343219017, 0.07610861957073212, -0.0196799635887146, 0.08867826430930545, -0.0136093048676121, 1731684420707038110, 
0.0129164457321167, -0.2155960202217102, -0.057630364319368244, -0.2686943119908006, 0.1745071733736329, -1.539732188633335, 0.1010759174823761, -0.03568313270807266, 0.10014024286710012, -0.018898706497419208, 1731684420818992629, 
-0.3175187110900879, -0.9370700120925903, -0.26169136486944, -0.7460145335670687, 0.4747531525972498, -1.5713735221889926, 0.11993636190891266, -0.05215730145573616, 0.11727038326768828, -0.030080515737088462, 1731684420915418812, 
0.1629130244255066, -0.5501101016998291, 0.07367837133177196, -0.522919530733115, 0.33619098810940096, -1.5554239977513917, 0.13592684268951416, -0.07124485075473785, 0.15167054609355915, -0.06121907937658436, 1731684421011387902, 
0.4102383255958557, -0.12706947326660156, 0.3390791400816572, -0.2491621577433306, 0.17403409376129614, -1.4316858976211841, 0.14950743317604065, -0.09318746626377106, 0.17204762169421858, -0.08647872791328488, 1731684421106988204, 
0.7328351140022278, -1.0178531408309937, 0.6524155751896206, -0.6888827940287728, 0.5648199189242635, -1.21965031853125, 0.16283003985881805, -0.12388437241315842, 0.18295967199164329, -0.10503648029144047, 1731684421219496871, 
-0.29918599128723145, -0.3910858631134033, -0.10172903852670911, -0.4224527201485816, 0.3886302652444564, -1.0870299045877196, 0.17174027860164642, -0.1528061032295227, 0.20367339032552817, -0.15550732646490614, 1731684421314940875, 
0.2724030613899231, -0.6408655047416687, 0.1947350297919428, -0.48017220351552065, 0.472051726854547, -1.0172025144682413, 0.17762136459350586, -0.18346326053142548, 0.21448809479900185, -0.1944271450772931, 1731684421411349962, 
0.742108941078186, 0.09941613674163818, 0.6264387773394418, -0.17730464032343915, 0.21847935462873297, -0.8115395645723004, 0.18107247352600098, -0.21598653495311737, 0.2216758079866449, -0.23799746139836994, 1731684421506839383, 
0.055559396743774414, -0.06196647882461548, 0.17464229075988352, -0.18490852379418146, 0.2610218410648952, -0.708402496280798, 0.18221861124038696, -0.2548811733722687, 0.2231622594170653, -0.2601515656764332, 1731684421618660818, 
-0.5271812677383423, -0.1737949252128601, -0.3804447196178444, -0.21143267612411176, 0.32038658157093863, -0.6599298731157917, 0.18073228001594543, -0.2895023226737976, 0.2228327029468397, -0.28733651634266055, 1731684421715269949, 
-0.23707294464111328, -0.6237823963165283, -0.26601731025764563, -0.3447530617872877, 0.4888986067807576, -0.7051627004163039, 0.17715853452682495, -0.3238939642906189, 0.2199202001721479, -0.32293519509870966, 1731684421811385804, 
-0.159257173538208, -0.13660269975662231, -0.18211349259776388, -0.20563298502585184, 0.34545337497015577, -0.5952553945771025, 0.17148402333259583, -0.3578730523586273, 0.21295001784429332, -0.36929803715206166, 1731684421907385039, 
-0.7410262823104858, -0.34749001264572144, -0.6240787977555358, -0.23955407666146727, 0.37832444376457963, -0.6331974595078896, 0.16311828792095184, -0.394202321767807, 0.20528767308662438, -0.40403439431468985, 1731684422019169417, 
-0.030544281005859375, -0.06683754920959473, -0.15477289372818037, -0.15122515184092555, 0.2528970414411108, -0.5979712177698195, 0.1551390439271927, -0.4215332865715027, 0.1952856092202828, -0.43908120959176195, 1731684422115433374, 
0.09954476356506348, -0.05197441577911377, 0.04642133546917218, -0.13785575648798953, 0.23270695798398214, -0.5924006642615238, 0.14567631483078003, -0.4477307200431824, 0.1868978718793753, -0.4627629332579142, 1731684422212205215, 
0.5535180568695068, -0.4359644651412964, 0.4483170537392347, -0.23886126863973814, 0.38047413183650136, -0.6277989714748398, 0.13422946631908417, -0.4733806848526001, 0.176821400540768, -0.48666733377475374, 1731684422307366903, 
-0.6841732859611511, -0.22590172290802002, -0.44810303819830244, -0.19944155577447248, 0.3435734568739812, -0.5804917457509686, 0.11851702630519867, -0.5042056441307068, 0.1604620457992182, -0.5197100430082732, 1731684422419361369, 
-0.07527279853820801, -0.2231793999671936, -0.15311763403445905, -0.1789004246008814, 0.29842421880314707, -0.5994835986113162, 0.1050303727388382, -0.5273194313049316, 0.14343968415589642, -0.5493170477003096, 1731684422515164459, 
-0.29811036586761475, 0.3862813115119934, -0.268913612222215, -0.02745648972655545, 0.056767861837309114, -0.4836625660702695, 0.09188138693571091, -0.5470176339149475, 0.1294277657154963, -0.5706383824960639, 1731684422612276129, 
0.10802972316741943, -0.47230052947998047, 0.03067122069007394, -0.16054777439606469, 0.3143936934823085, -0.5106583806366937, 0.0788009762763977, -0.5646243095397949, 0.12272542725932127, -0.5797980892524489, 1731684422706651148, 
-0.19108545780181885, 0.4159918427467346, -0.1458536686253972, -0.03596447274996572, 0.08905498477122331, -0.4038457009717783, 0.06131521239876747, -0.5855734944343567, 0.10582849828124265, -0.6003887169691857, 1731684422819204635, 
-0.419922411441803, 0.07118749618530273, -0.3622820528844852, -0.07118863736312417, 0.16280771990766169, -0.4372559077880314, 0.04554609954357147, -0.6027940511703491, 0.09856026425960537, -0.6084667651967529, 1731684422915158005, 
-0.3749852776527405, -0.671916127204895, -0.371103463008139, -0.18237872245984157, 0.3912854150290659, -0.4661015091663816, 0.02870667167007923, -0.6193262934684753, 0.08296772980800053, -0.6244498782619048, 1731684423011298306, 
-0.05713701248168945, -0.4734126925468445, -0.12267403181680239, -0.17831286121907775, 0.3577490239549375, -0.498430042513654, 0.012701266445219517, -0.6340749263763428, 0.05441323838436525, -0.6510939789891053, 1731684423107223326, 
-0.21684467792510986, -0.5357702374458313, -0.19706686097344928, -0.1758650416436906, 0.3706883943855076, -0.4744282375908292, -0.0047931913286447525, -0.6487142443656921, 0.026636487379216405, -0.6746803709202892, 1731684423219198368, 
0.982783317565918, -0.06575357913970947, 0.7359508032852895, -0.07528494996049703, 0.25038416297766347, -0.30067776278331604, -0.02041045017540455, -0.6609658598899841, -0.0010140764890082797, -0.6959033600370615, 1731684423315166475, 
-0.644360363483429, -0.14255887269973755, -0.35641942458346687, -0.07804320296786732, 0.26809344149704417, -0.29110448406373185, -0.03845914080739021, -0.6742994785308838, -0.0209523939291109, -0.7098655736367259, 1731684423411346545, 
-0.20552152395248413, 0.5357183218002319, -0.23755796043064425, -0.02279542985417895, 0.1185475656810457, -0.19228931208516295, -0.0572216659784317, -0.6874544024467468, -0.04118077222435978, -0.7231401039827708, 1731684423506745059, 
0.12619251012802124, 0.09853583574295044, 0.050624788754455585, -0.030808998481094415, 0.17793551604685895, -0.17314698698477335, -0.07804280519485474, -0.7011293172836304, -0.05288581433484615, -0.7303989612520648, 1731684423619172186, 
-0.48058468103408813, -0.09195816516876221, -0.3695113436670105, -0.04053482607310537, 0.21798235844736363, -0.18595461743704983, -0.09607833623886108, -0.7126845717430115, -0.06913924478024146, -0.740046911075036, 1731684423715201198, 
-0.4875812530517578, 0.17390501499176025, -0.4630766196139321, -0.022844259487066424, 0.14882172996484225, -0.15350083279144228, -0.11208820343017578, -0.7224379777908325, -0.08742586601425086, -0.7504645611588637, 1731684423811348398, 
0.018885910511016846, -0.1099938154220581, -0.08157455760743798, -0.019340085410973356, 0.13988076746343303, -0.1382612189058024, -0.12342850118875504, -0.7290955781936646, -0.1011465909200384, -0.7579649594630735, 1731684423906739924, 
0.5536279082298279, -0.46371740102767944, 0.42124305217913777, -0.032606147942777455, 0.1845689836283262, -0.17666103644173356, -0.13632844388484955, -0.7364014983177185, -0.11446280735004428, -0.7649825915873159, 1731684424020314900, 
0.26883697509765625, -0.1107894778251648, 0.300455744254935, -0.02758176324474023, 0.18228868999618889, -0.15130814339231294, -0.14920096099376678, -0.7434040904045105, -0.12996147871339678, -0.7728591394008515, 1731684424115158417, 
-0.05047255754470825, -0.3487628102302551, 0.02278466336241891, -0.042882144905665734, 0.20889959577014802, -0.20527634219478771, -0.16273094713687897, -0.7506347894668579, -0.14637843749260154, -0.7808484009682808, 1731684424211319975, 
-0.010450661182403564, -0.2563740015029907, -0.0034388230023578957, -0.04536471130450108, 0.22710678933032932, -0.19975057301575255, -0.1783968061208725, -0.7587102055549622, -0.16569610523874181, -0.7898684980907645, 1731684424307391131, 
-1.2921152114868164, -0.2937126159667969, -1.023055504236158, -0.049755720823310846, 0.22490330651272356, -0.2212316110190047, -0.19689874351024628, -0.7676787972450256, -0.18692646015363035, -0.7992591345129849, 1731684424419189226, 
0.031910061836242676, -0.05592423677444458, -0.18818029070467146, -0.02904383530753817, 0.16223030356400728, -0.17902842236918484, -0.21136891841888428, -0.7746379375457764, -0.2082145406750096, -0.8081628934356169, 1731684424515167568, 
0.4269046187400818, -0.1360912322998047, 0.2985954788339813, -0.027175543898628793, 0.16902097963162002, -0.16078207544328338, -0.22462038695812225, -0.7806200385093689, -0.223674922298151, -0.8142480625058145, 1731684424611308023, 
-0.014195621013641357, -0.25134336948394775, 0.051156491405510124, -0.03517901518567861, 0.20833131717002168, -0.16886090705685214, -0.23995670676231384, -0.7872518301010132, -0.23985987683815485, -0.8202934579238428, 1731684424707419723, 
-0.6419246196746826, -0.05456489324569702, -0.4973806656665276, -0.026835564632129612, 0.1769045448592151, -0.151695167885517, -0.2575746774673462, -0.7945471405982971, -0.2589057140382057, -0.8270553217484055, 1731684424820226798, 
-0.5644599795341492, -0.11521166563034058, -0.5503297943949359, -0.019018441815169332, 0.15458216413958617, -0.12303128191423085, -0.27058839797973633, -0.7998300194740295, -0.2763863504386414, -0.8329457972170669, 1731684424915205652, 
-0.20540976524353027, -0.1344224214553833, -0.27721270998179726, -0.01378352337746418, 0.14660443011483695, -0.09401846428970384, -0.28309008479118347, -0.804692268371582, -0.29212849132527324, -0.8379994727099677, 1731684425011291787, 
-0.6022756099700928, 0.02854865789413452, -0.5344117551285859, -0.006983521711536488, 0.11736498298910168, -0.05950260063672455, -0.29470542073249817, -0.8090656995773315, -0.30625008044186797, -0.8423521692756508, 1731684425107188412, 
0.47307538986206055, 0.05921494960784912, 0.2629112144670116, -0.005172872246807423, 0.10627058944081276, -0.04867642377845703, -0.3074930012226105, -0.8137499690055847, -0.31812282523416546, -0.8458990070779044, 1731684425220294926, 
0.05783945322036743, 0.29002881050109863, 0.10057324728377046, -0.0003880406672438549, 0.1141500266497541, -0.0033993918234857534, -0.3184690773487091, -0.8179206848144531, -0.3279528941725813, -0.8487770290047556, 1731684425315175932, 
-0.1315770149230957, 0.2869992256164551, -0.08308264013801839, 0.00044856319189686506, 0.1292537485772032, 0.003470407603915166, -0.3305184245109558, -0.8223034739494324, -0.33914965275901193, -0.8520079685879061, 1731684425411295318, 
0.3300197720527649, 0.21276015043258667, 0.24375764960642812, 0.0002259089935467997, 0.11895536226080193, 0.0018991072722851186, -0.34172943234443665, -0.8264567852020264, -0.3513387245759506, -0.8555217671980334, 1731684425508904323, 
0.5902106165885925, 0.20228111743927002, 0.5177539501100715, -0.0007613838518344225, 0.11702532421240282, -0.006506146058202742, -0.35303375124931335, -0.830632746219635, -0.36195144928985873, -0.8585841951153024, 1731684425619228436, 
-0.07953459024429321, 0.3147367835044861, 0.044978568225187754, 0.004984372861749996, 0.12550230833482384, 0.039715387930972054, -0.3635726273059845, -0.8345255255699158, -0.3723596173590358, -0.8615918179466253, 1731684425715207856, 
0.4720157980918884, 0.12420892715454102, 0.3828164359810817, -0.0044192104590203675, 0.12189553863177262, -0.036254078767969614, -0.37411433458328247, -0.8384100198745728, -0.3840249615463439, -0.8649588657804534, 1731684425811323100, 
-0.46164703369140625, -0.18210715055465698, -0.28545711027139986, -0.003978924111512025, 0.13189918101870568, -0.030166404982815948, -0.3852074146270752, -0.8425309658050537, -0.3953814523557256, -0.8682683979277388, 1731684425909318352, 
-0.38598906993865967, -0.22599583864212036, -0.36484106071766853, -0.00990697967961792, 0.1379937591996494, -0.07179295452980958, -0.39932945370674133, -0.847557544708252, -0.4089746196731461, -0.8721749059262144, 1731684426019205662, 
-0.16401946544647217, 0.002757251262664795, -0.20585939390848168, -0.006516615545867524, 0.12138568979516817, -0.053685204218585914, -0.41107460856437683, -0.8518728613853455, -0.42266779464293985, -0.8760548292747434, 1731684426115164010, 
-0.08075517416000366, -0.2653551697731018, -0.10678468189059509, -0.005683812273757268, 0.12091209981773199, -0.04700780387012786, -0.42141401767730713, -0.8555299639701843, -0.43482349874841525, -0.8794106602252556, 1731684426211301187, 
-0.5918227434158325, -0.08473867177963257, -0.49052985598782767, -0.008567906158042338, 0.11463338985633782, -0.0747418022687797, -0.431982159614563, -0.8590864539146423, -0.44681641512214476, -0.8826517938195053, 1731684426307291566, 
0.31604140996932983, 0.22439098358154297, 0.14777982875409718, -0.0040293473290787946, 0.09755034365323224, -0.04130531147488465, -0.4446956217288971, -0.8633465766906738, -0.45835978413567, -0.8857087670039706, 1731684426419380267, 
-0.3094930052757263, 0.07333540916442871, -0.21405560760630304, -0.006040211855673311, 0.10391860163976648, -0.05812445279635005, -0.45465508103370667, -0.866519033908844, -0.46779203907561473, -0.8881369107906789, 1731684426515223470, 
-0.5008636116981506, -0.0006073117256164551, -0.44091638790217813, -0.00728641849650587, 0.09648840153168167, -0.0755160037977559, -0.4644455015659332, -0.8696647882461548, -0.4783476961738922, -0.8908034274497536, 1731684426611211286, 
-0.5227212905883789, 0.12137848138809204, -0.5055003632552705, -0.005069007097920073, 0.08332822870780167, -0.06083181145845577, -0.47384077310562134, -0.8726693391799927, -0.48854272924125036, -0.8933138733344366, 1731684426706890370, 
0.2385340929031372, 0.1573156714439392, 0.08334962469618667, -0.0028081654941794518, 0.06908609205550692, -0.040647334515943434, -0.48359352350234985, -0.8757016658782959, -0.4972479114536562, -0.8953911118917205, 1731684426819346321, 
0.2326371669769287, -0.2549981474876404, 0.20155452519910239, -0.004877702931001145, 0.09668759916018335, -0.050448071659326285, -0.4916304647922516, -0.8783124089241028, -0.5044029081379116, -0.8970551344797497, 1731684426915166901, 
-0.004007518291473389, -0.23598158359527588, 0.03888750488383555, -0.006400788806212458, 0.11134317452463664, -0.057487033520821434, -0.5006005167961121, -0.8809282779693604, -0.5137793598008066, -0.899192628734539, 1731684427011315755, 
-0.6523425579071045, -0.3171378970146179, -0.5080582188154956, -0.005510932335212871, 0.10644169482066627, -0.05177418815528754, -0.510506808757782, -0.8838559985160828, -0.5247288730499171, -0.9016299981380235, 1731684427122901054, 
0.5108329653739929, 0.15093892812728882, 0.29821848227239944, -0.0003402227837843457, 0.0828085322226032, -0.004108547448586214, -0.5189638137817383, -0.8863745927810669, -0.5353832278531216, -0.9039414469387397, 1731684427219329348, 
0.0036446452140808105, 0.13939213752746582, 0.06507457600553296, -0.0010020310279343731, 0.09609550182787299, -0.010427449868873352, -0.5279180407524109, -0.8891436457633972, -0.5431886483269275, -0.9055997506453773, 1731684427316235334, 
0.10986530780792236, 0.19484221935272217, 0.10047289602348906, -0.00014835441667947053, 0.09371480752231826, -0.0015830413634914612, -0.5363256335258484, -0.8918017148971558, -0.5523408904184799, -0.9075398239593893, 1731684427411336107, 
0.19328725337982178, -0.33850085735321045, 0.1738915990858892, -0.002790442487053096, 0.10010038599419231, -0.02787644082826008, -0.5448699593544006, -0.8943617343902588, -0.5613745335063675, -0.9094448473655214, 1731684427507103116, 
0.18676871061325073, -0.3388527035713196, 0.18401601945624688, -0.00382063281475428, 0.10339964182232286, -0.03695015521736021, -0.5548075437545776, -0.8972804546356201, -0.570801899619788, -0.9114257060324913, 1731684427619274113, 
-0.23472601175308228, -0.16517424583435059, -0.14739268209265846, -0.0011328498010610432, 0.10041298237964562, -0.011281905727866116, -0.5632936358451843, -0.8996739387512207, -0.5805634134762166, -0.913448390948247, 1731684427716178526, 
-0.3385593295097351, 0.5019915103912354, -0.29869566228798716, 0.0023455010841859883, 0.07455141120344749, 0.03146152495739108, -0.5707305073738098, -0.9019004106521606, -0.590203841885741, -0.9154168132502022, 1731684427811210154, 
0.4651563763618469, -0.13317447900772095, 0.30579531954400974, 0.00013279490528844378, 0.07245368607909335, 0.0018328246977452542, -0.5777791142463684, -0.9042863249778748, -0.5978840734476918, -0.9169808804930366, 1731684427907615353, 
0.020255744457244873, -0.33195120096206665, 0.0797612880653065, -0.0008280164277846128, 0.07811984196719479, -0.010599310071983063, -0.5861347317695618, -0.906687319278717, -0.6044653926198521, -0.9183384204658194, 1731684428019251731, 
-0.1357792615890503, 0.07932758331298828, -0.09081476958819937, 0.0002451551656713366, 0.07752251726368918, 0.0031623736473552957, -0.5933651924133301, -0.9086535573005676, -0.6119911020904734, -0.9198908851501284, 1731684428115234729, 
0.2937812805175781, 0.10135775804519653, 0.21351755664998193, 0.0004695758716727409, 0.07667298733743369, 0.006124397757011381, -0.6002315878868103, -0.9109938740730286, -0.6196257921327875, -0.9214596615412837, 1731684428211388260, 
0.02871602773666382, -0.11162227392196655, 0.06722572801011034, -0.0005952063932353515, 0.08138009604474197, -0.007313906251820015, -0.6072896718978882, -0.913041889667511, -0.6267888600666556, -0.9229336189749681, 1731684428307343447, 
-0.17125952243804932, 0.17743182182312012, -0.12154236602230115, 0.000765847496242518, 0.07115863740163138, 0.010762537398235232, -0.615410566329956, -0.9153326749801636, -0.6344282161642514, -0.9245094425838487, 1731684428419227715, 
0.30938440561294556, 0.06898105144500732, 0.21945132801323305, 0.0022575006443398063, 0.0681612863956863, 0.033119982965618966, -0.6213384866714478, -0.9173731207847595, -0.6414421309675792, -0.9259545582515241, 1731684428515183572, 
0.31960541009902954, 0.029527664184570312, 0.2986058573210393, 0.0006373003433544324, 0.0707377535869582, 0.009009338168634327, -0.6271171569824219, -0.9189178347587585, -0.6475726061761942, -0.927226310530601, 1731684428610681444, 
0.08376580476760864, 0.31483525037765503, 0.12854057405210592, 0.0014676373255830104, 0.08246078049060583, 0.017798004297936616, -0.6352044939994812, -0.9214258193969727, -0.6541228559926243, -0.9286051171502464, 1731684428724704185, 
-0.10348939895629883, -0.0985974669456482, -0.05513596203549173, -0.0002740260295358646, 0.07487732682878274, -0.0036596662987510575, -0.6416542530059814, -0.9236084818840027, -0.6617680403129652, -0.9302216303677734, 1731684428819409767, 
0.3305678963661194, 0.05534839630126953, 0.25001259505970364, 0.0001455923882170976, 0.06433221518860283, 0.0022631334517281, -0.6475827097892761, -0.9251980781555176, -0.6687904795977703, -0.9317168914175641, 1731684428915378622, 
-0.41984736919403076, -0.24538850784301758, -0.280083844217935, 5.029241062123805e-06, 0.0675842383866357, 7.44144075923818e-05, -0.653540313243866, -0.9273074865341187, -0.6748208293352107, -0.9329990441787583, 1731684429011259995, 
-0.08719903230667114, -0.04269450902938843, -0.1273829296178303, -7.812119529674447e-05, 0.0591999052333366, -0.0013196168978451832, -0.6594962477684021, -0.9289804697036743, -0.681850760887827, -0.9344950311161923, 1731684429106693668, 
-0.24971675872802734, -0.11699032783508301, -0.22412053345372326, 8.432973911128868e-05, 0.058282422923076886, 0.0014469154657930044, -0.6660951375961304, -0.9309835433959961, -0.6879998275392549, -0.9358035669024524, 1731684429219591263, 
-0.1747056245803833, -0.1546664834022522, -0.18491168058778473, -0.0002466714103140145, 0.06039349521897309, -0.004084403616972987, -0.6722421646118164, -0.9329078793525696, -0.6943100090147315, -0.9371456548475167, 1731684429315557533, 
0.1334887146949768, 0.28612858057022095, 0.06708796914396548, -0.0006765759766626378, 0.059322370663744683, -0.011405073146817653, -0.6780316829681396, -0.9346696734428406, -0.700524243804534, -0.9384672385438936, 1731684429411357808, 
-0.25416743755340576, -0.09273850917816162, -0.18712350549069134, -0.00042491237350315364, 0.05897007568958283, -0.007205559235499085, -0.6833614706993103, -0.9365003705024719, -0.7062883645771117, -0.9396899498073429, 1731684429506742208, 
-0.02637416124343872, 0.05498391389846802, -0.05989913915902245, 1.2095719104839557e-05, 0.048714564342895346, 0.00024829779898470194, -0.6892357468605042, -0.9381369948387146, -0.71220466196394, -0.9409387164028161, 1731684429618675506, 
0.15859580039978027, -0.16274523735046387, 0.11302523617377983, -0.0003605059995089142, 0.053670249901049454, -0.006717054609836371, -0.6940621137619019, -0.9398407936096191, -0.7171564455564632, -0.9419806725857697, 1731684429714776693, 
0.08970683813095093, 0.21069276332855225, 0.09454092313266164, 0.0005388139861066713, 0.05735012048125423, 0.00939516746582583, -0.699181318283081, -0.9412145018577576, -0.7222225009763281, -0.9430466721000633, 1731684429811514923, 
0.03835552930831909, 0.00010055303573608398, 0.05003884355289909, 0.0001106154259585545, 0.05628023363750753, 0.0019654400632202725, -0.7040693163871765, -0.9428371787071228, -0.7275889289475195, -0.9441735485891538, 1731684429907019223, 
-0.08603495359420776, 0.03505814075469971, -0.057671023560088464, -0.00044447889742540915, 0.05085838949620929, -0.008739539372526497, -0.7095537185668945, -0.9443894624710083, -0.7328880542455443, -0.9452903165352995, 1731684430019494863, 
0.10374397039413452, -0.03086090087890625, 0.07006592997121275, -0.0001472927606573436, 0.05044948777347206, -0.0029196086453586317, -0.7141817808151245, -0.945783257484436, -0.7379307601462333, -0.9463531959755477, 1731684430115575635, 
0.07468569278717041, -0.0008035898208618164, 0.07371803748919747, 0.000620189214984737, 0.05677927890537163, 0.010922808935603861, -0.7194441556930542, -0.9475754499435425, -0.7428485224823922, -0.9473863219596697, 1731684430213262132, 
0.05868697166442871, -0.06396603584289551, 0.061762567320728975, -4.808183876799914e-05, 0.05033451130366066, -0.0009552459639059277, -0.7238622903823853, -0.9488465785980225, -0.7480559830449403, -0.9484797065113396, 1731684430307496458, 
0.5272807478904724, 0.1063644289970398, 0.4300608333331623, 0.00023405039275909692, 0.05150059739886843, 0.004544615103129647, -0.7288993000984192, -0.9504208564758301, -0.7526449686413959, -0.9494476671908063, 1731684430419284411, 
-0.06988638639450073, -0.04430258274078369, 0.03434115235955493, -0.00013943731777928454, 0.05970554397521445, -0.002335416587732106, -0.7338070273399353, -0.9518110752105713, -0.7570101698332342, -0.9503681478873054, 1731684430515246257, 
-0.22157782316207886, 0.037500739097595215, -0.16819566659555357, 7.129943460183336e-05, 0.051687166011428136, 0.0013794417474169295, -0.7386112213134766, -0.9533036947250366, -0.7626706277118773, -0.9515638331837443, 1731684430612261804, 
0.2891539931297302, 0.24675989151000977, 0.19368667851503218, -0.00022484496549613452, 0.0402137001098418, -0.005591252853678752, -0.7421775460243225, -0.9542856812477112, -0.7676622952476166, -0.9526171381678609, 1731684430706840006, 
-0.09754735231399536, 0.012275874614715576, -0.03677456611000757, -3.055167372501317e-05, 0.051887619277064055, -0.0005888046927317392, -0.7475137710571289, -0.9561560153961182, -0.7715282987579706, -0.9534330852625348, 1731684430819255749, 
-0.006245255470275879, -0.0037802457809448242, -0.012639798552283633, -1.1675498209629926e-05, 0.04376048989648199, -0.0002668045590268528, -0.7516656517982483, -0.9573761224746704, -0.7764775224711151, -0.9544752477896753, 1731684430915247452, 
-0.07801872491836548, 0.12303239107131958, -0.0643658438864829, -0.0003469223932667918, 0.042978234809870466, -0.008072048440368167, -0.75572669506073, -0.9584143161773682, -0.7808012314718066, -0.9553852226559563, 1731684431012278304, 
-0.04593104124069214, -0.06046640872955322, -0.049756807119578125, -0.00014286444936129948, 0.04166841240475344, -0.0034286031340373746, -0.759544849395752, -0.9597225785255432, -0.7851309196864588, -0.9562958025745539, 1731684431106908053, 
-0.054770588874816895, 0.01991671323776245, -0.053701919539509764, -5.676775546772127e-06, 0.041494901733105806, -0.00013680657887286994, -0.7642084360122681, -0.9611688852310181, -0.7893351150497449, -0.9571769571266292, 1731684431219284942, 
-0.07538372278213501, -0.000905156135559082, -0.07084502438233684, 0.0005224031182037793, 0.03869492821878153, 0.013500557883196127, -0.7676724791526794, -0.9623306393623352, -0.793472433386576, -0.9580432821641292, 1731684431315284926, 
0.11855512857437134, -0.07836860418319702, 0.07902878477960368, 3.0668369799550524e-05, 0.03582774811057915, 0.0008559949038632105, -0.7710515260696411, -0.9633902311325073, -0.7972840562865088, -0.9588420544999455, 1731684431411316250, 
-0.11045175790786743, 0.014875292778015137, -0.07089273895362197, -0.0006900668084136337, 0.04301053511998063, -0.01604413445423658, -0.7748474478721619, -0.964474618434906, -0.8008557642409236, -0.9595942022782654, 1731684431506725494, 
-0.17505484819412231, -0.06733083724975586, -0.15328903035919286, -0.00020898612166788145, 0.03976111996709118, -0.005256042129619377, -0.7793956398963928, -0.9659221768379211, -0.8052098636702775, -0.9605103687960066, 1731684431619284734, 
0.15640944242477417, 0.0007033348083496094, 0.09178939050467089, -3.666425969914856e-05, 0.033884857204597066, -0.0010820249138950013, -0.7824979424476624, -0.9668853282928467, -0.8092076956265055, -0.9613458834998355, 1731684431715238082, 
0.08188581466674805, 0.018213272094726562, 0.08394188765933523, 1.5953663018354518e-05, 0.04048315578509273, 0.00039408150646766523, -0.7862599492073059, -0.9679052233695984, -0.8124627356899353, -0.9620246808418452, 1731684431812239983, 
-0.036794304847717285, -0.03282821178436279, -0.01163829890477186, -0.00017714009679623037, 0.03723327853723903, -0.00475757450741446, -0.7900354862213135, -0.9692374467849731, -0.8161795336584204, -0.9627993194679932, 1731684431923974809, 
0.11757528781890869, 0.02401489019393921, 0.0905915995734428, -1.0779491071885814e-05, 0.03502692472115771, -0.00030774871495854034, -0.7931196689605713, -0.9702273011207581, -0.8197402036920041, -0.9635413198579323, 1731684432021457632, 
-0.027309954166412354, 0.025748133659362793, -0.002716548781399583, 3.236945794399384e-05, 0.03887876058178717, 0.0008325743274634472, -0.7965921759605408, -0.9711474776268005, -0.823087766741816, -0.9642375775432799, 1731684432115245054, 
-0.08585888147354126, 0.03644430637359619, -0.06852933254819031, 4.1144267598584396e-05, 0.032000598170077034, 0.0012857343284619406, -0.7995296716690063, -0.9720662832260132, -0.8267609164975417, -0.9650015336540181, 1731684432212288737, 
0.2408772110939026, 0.033676743507385254, 0.17630210605390662, 2.9147733973854422e-05, 0.031078348121485688, 0.0009378791260048807, -0.8023584485054016, -0.9729694724082947, -0.829909047070186, -0.9656565899512788, 1731684432307159814, 
0.016574978828430176, 0.08664220571517944, 0.049860863372483744, 0.0001221245252527531, 0.034606094659386945, 0.003528988938358194, -0.8059079647064209, -0.9739763736724854, -0.8326592502826204, -0.9662292603272462, 1731684432420259074, 
-0.007799386978149414, -0.07290714979171753, 0.0042247954226096104, -0.0004805224288051774, 0.03631381368004607, -0.013232496951131788, -0.8089178204536438, -0.9748701453208923, -0.8359883564215063, -0.9669225571740813, 1731684432515268599, 
0.006930112838745117, -0.027286410331726074, 0.006362994187056888, -0.00012871286534081532, 0.03623749886420148, -0.0035519246464321783, -0.8120836615562439, -0.9759541749954224, -0.8395293134178593, -0.96766031906322, 1731684432611276890, 
-0.09723520278930664, -0.05709439516067505, -0.07562444170619934, -7.817662493829026e-05, 0.032503325812215184, -0.0024051884840938474, -0.8148375749588013, -0.9768322110176086, -0.8430111781903533, -0.9683816698379117, 1731684432707140332, 
-0.02419370412826538, -0.026657402515411377, -0.034914384639699994, -0.00023031483108388066, 0.028839805249962276, -0.00798600507484987, -0.8180679082870483, -0.9776177406311035, -0.8462717616928673, -0.9690559255447089, 1731684432820391441, 
-0.06037372350692749, -0.08654916286468506, -0.05502219767944749, -0.00011294938017383254, 0.03322171332317242, -0.00339986619820265, -0.821034848690033, -0.9784939885139465, -0.8493104862970418, -0.9696833134456074, 1731684432915243205, 
-0.15875035524368286, 0.02570474147796631, -0.13706034902864409, -0.0004501513935813246, 0.03481442394948619, -0.012930025619107456, -0.8246719241142273, -0.979680061340332, -0.8527936168863046, -0.9703996818271848, 1731684433011262637, 
-0.1124764084815979, 0.031224846839904785, -0.1175949435389832, -5.2840023662776154e-05, 0.024283731345296107, -0.0021759433470676885, -0.8277148008346558, -0.9805560111999512, -0.856274974641284, -0.9711139857582417, 1731684433123766446, 
0.48874038457870483, 0.008868753910064697, 0.36217722843544853, -7.4593650661423306e-06, 0.020376619172919108, -0.00036607471547860895, -0.8295364379882812, -0.9811092615127563, -0.8585868684671086, -0.9715856808239316, 1731684433219929255, 
-0.18802779912948608, 0.06276565790176392, -0.0732339946713031, 0.00010309613698603118, 0.037803719583259655, 0.0027271426759731994, -0.8325172662734985, -0.981950581073761, -0.8603438008051766, -0.9719439272170687, 1731684433315252103, 
0.013331353664398193, -0.1569143533706665, -0.004749334440174627, -9.338009683402098e-05, 0.02906976764318609, -0.003212275308843383, -0.8351148962974548, -0.9829732775688171, -0.8639730358102926, -0.9726838531483687, 1731684433411286192, 
-0.03728342056274414, -0.03088688850402832, -0.030478925425846782, 0.00025839085573578225, 0.031145122039922625, 0.008296350722420357, -0.8379528522491455, -0.9837119579315186, -0.8669015302710487, -0.9732816299370128, 1731684433508723181, 
-0.10453391075134277, 0.03549480438232422, -0.08906601406426436, 7.39389002835819e-05, 0.02935156270901424, 0.00251907883122265, -0.8413249254226685, -0.9845897555351257, -0.8700185247858097, -0.973917439176009, 1731684433620427435, 
0.28767603635787964, 0.09789872169494629, 0.2090461099917138, 5.7652265118076e-05, 0.027341854144462153, 0.002108571891776877, -0.8438947796821594, -0.9853607416152954, -0.8729041575918826, -0.9745082182031842, 1731684433715288862, 
0.2135356068611145, 0.09434503316879272, 0.21253118745638938, 0.00013517427716928736, 0.033495165902068885, 0.0040356353977914795, -0.8466703295707703, -0.9862926602363586, -0.8752002381665868, -0.9749789366080407, 1731684433811258762, 
-0.05431431531906128, 0.04963576793670654, 0.001306568523208984, -0.0003342541885619194, 0.03390964855795284, -0.009857200023487908, -0.849513053894043, -0.9870826005935669, -0.8780628888883976, -0.9755662043281873, 1731684433908626027, 
-0.0720633864402771, 0.12289530038833618, -0.056763917047062865, -0.0001698280440039394, 0.02970635864068049, -0.005716891998044264, -0.8526207208633423, -0.9879472255706787, -0.8813054532469516, -0.9762319729983483, 1731684434020439773, 
0.06582260131835938, -0.02075326442718506, 0.04026505647432664, -5.12828512473695e-05, 0.03232895127853663, -0.0015862825492089644, -0.8556607961654663, -0.9889363050460815, -0.8843753640168289, -0.9768595049532642, 1731684434115239147, 
-0.047588348388671875, -0.06387442350387573, -0.029272052394048134, -6.593506108669375e-05, 0.030432390454989418, -0.0021666080153714524, -0.8584786057472229, -0.9898075461387634, -0.8874294373404797, -0.9774821930255944, 1731684434212260992, 
-0.09772568941116333, 0.045555949211120605, -0.08342972152121662, -0.0001675879070982477, 0.02823059942850085, -0.005936392088403743, -0.8612595796585083, -0.9905759692192078, -0.8904606336279557, -0.9780996145376732, 1731684434308446724, 
0.09328198432922363, 0.00904989242553711, 0.0564189117941442, -2.9788198589366174e-05, 0.027186916326526606, -0.001095681401730047, -0.8643261194229126, -0.9914069175720215, -0.89333663310435, -0.9786846513661132, 1731684434419314523, 
-0.10695499181747437, 0.0523076057434082, -0.07285076057107694, -0.0004563978120482777, 0.031251119306638306, -0.0146042068948017, -0.8671502470970154, -0.9924898147583008, -0.8960331175647355, -0.9792315160939131, 1731684434515299773, 
-0.024869203567504883, 0.11067283153533936, -0.03488408550993552, -2.344768632827378e-05, 0.024703836429006698, -0.0009491516184402041, -0.8697289824485779, -0.9932653903961182, -0.8990937322424045, -0.9798513226041117, 1731684434612296544, 
0.1390785574913025, -0.07459133863449097, 0.10278759052157341, -4.073510056435578e-05, 0.02810070748576518, -0.0014496112094327424, -0.8724058866500854, -0.9939877390861511, -0.9016157075247649, -0.9803589187983728, 1731684434706891754, 
-0.07367730140686035, -0.026727795600891113, -0.036854433560312816, 0.0006059083930419208, 0.03357295623850068, 0.01804751386019082, -0.875562846660614, -0.9948987364768982, -0.9043251374665187, -0.9809043274904734, 1731684434819283903, 
-0.16797953844070435, -0.05267179012298584, -0.14060583452673442, 7.291372585466766e-05, 0.028928328141938752, 0.002520495671125951, -0.8783460855484009, -0.9958516359329224, -0.9076499734449464, -0.9815740596247406, 1731684434915293575, 
0.2271474003791809, 0.015847504138946533, 0.15042423157053586, 2.018508719504426e-05, 0.028354733307234876, 0.0007118771661976421, -0.8814307451248169, -0.9965882301330566, -0.9106691054880025, -0.9821868711163662, 1731684435012275159, 
-0.09484899044036865, 0.19390451908111572, -0.04369791738495621, 0.000204696463741296, 0.0301141688148871, 0.006797347288566145, -0.884065568447113, -0.997210681438446, -0.9132143375705004, -0.9827042132314293, 1731684435107120699, 
-0.07652425765991211, 0.14820754528045654, -0.06963473328331363, 0.00014890208705182565, 0.03357741455576527, 0.004434590602696033, -0.8873489499092102, -0.9982121586799622, -0.9163819914651087, -0.9833485989606714, 1731684435219319045, 
-0.09610706567764282, -0.028737187385559082, -0.09055663431297077, 1.014189800466285e-05, 0.031714729189060424, 0.00031978510502814455, -0.8905974626541138, -0.9992958903312683, -0.9198152946247181, -0.9840491869400647, 1731684435317303439, 
-0.020519495010375977, 0.005246460437774658, -0.03512033599031222, 4.435419302913129e-06, 0.02759980767940619, 0.00016070471774419832, -0.8932343125343323, -0.999980628490448, -0.9230187376524451, -0.9847040888957641, 1731684435412282126, 
0.01182013750076294, 0.009702205657958984, 0.002030889143582744, 5.817822628547941e-06, 0.026643418612292538, 0.0002183587141427774, -0.8956593871116638, -1.00077223777771, -0.9257677821816577, -0.9852661841371396, 1731684435506966721, 
0.27878445386886597, 0.009308934211730957, 0.22102121045793488, 7.656421249702027e-06, 0.03148639769997933, 0.00024316599576289583, -0.8988850116729736, -1.0019168853759766, -0.9283745420540603, -0.9857992360906785, 1731684435620292115, 
-0.17090970277786255, 0.059850335121154785, -0.08912514417113088, 0.00011110395597106675, 0.04301648645956271, 0.0025828226597611383, -0.9027416110038757, -1.0030325651168823, -0.931361180899241, -0.9864100856652196, 1731684435716289873, 
-0.11514419317245483, 0.006344437599182129, -0.10975458742088276, 1.7507782302188615e-05, 0.02464237274590703, 0.0007104746966826304, -0.9053404927253723, -1.003671407699585, -0.935343108288188, -0.9872247402375157, 1731684435812478635, 
0.04023033380508423, -0.005941510200500488, 0.00895796429478525, -0.0003491504023428431, 0.023238280085901564, -0.015024795339938658, -0.9073727130889893, -1.0042774677276611, -0.9379373671480095, -0.9877557741053601, 1731684435907489896, 
0.13548892736434937, 0.1085246205329895, 0.10911297022718157, -3.559248466741658e-05, 0.0335687247871785, -0.0010602870646135194, -0.911260187625885, -1.005532145500183, -0.9404010208502196, -0.9882597426249486, 1731684436020329065, 
0.04123687744140625, -0.017166316509246826, 0.05537428951146782, -3.0386647862526084e-05, 0.036851455555759485, -0.0008245711710504466, -0.9145437479019165, -1.0064637660980225, -0.9435240873051745, -0.9888945643128588, 1731684436115675077, 
-0.08824294805526733, -0.017566025257110596, -0.0583131043639773, -0.0015730709381424697, 0.029957839149876354, -0.05250949276656899, -0.9169729948043823, -1.0072933435440063, -0.9468788816691603, -0.9895748514927728, 1731684436212113260, 
0.04466038942337036, 0.07026833295822144, 0.023187435052910363, -0.0005387790465927281, 0.0301195668355391, -0.017888007803518756, -0.9205104112625122, -1.0084346532821655, -0.9499241967271067, -0.9901897920808531, 1731684436324303684, 
-0.0003103017807006836, -0.024573445320129395, 0.004621366460048994, -0.00016581510775236965, 0.0380480652859292, -0.004358043083302078, -0.9240098595619202, -1.0094352960586548, -0.9530345545567819, -0.9908034863661583, 1731684436419296657, 
-0.04705214500427246, 0.05537301301956177, -0.03628219599490968, -0.0015350888393657748, 0.034295045032778096, -0.04476124285297151, -0.9273273348808289, -1.010347843170166, -0.9566823640987326, -0.9915161898383167, 1731684436515257963, 
-0.14754748344421387, -0.040535032749176025, -0.12431499200900664, -0.0013741750647751796, 0.03089311096230757, -0.044481601948466745, -0.930088460445404, -1.0112537145614624, -0.9601044901451169, -0.9921805302060118, 1731684436612328122, 
0.03975117206573486, 0.05867511034011841, 0.005544487047193791, -0.0002466837983076137, 0.029303540141126582, -0.008418225140019886, -0.9330565333366394, -1.0119589567184448, -0.9633473403835671, -0.9927959504453875, 1731684436707814891, 
-0.10463452339172363, 0.023342430591583252, -0.08161806077510948, -3.9079630144667955e-05, 0.03245564395683088, -0.001204093506714814, -0.9366907477378845, -1.0130645036697388, -0.9663447188264159, -0.9933533596040299, 1731684436819323203, 
-0.10480445623397827, 0.002841353416442871, -0.09995515892750502, -5.126940122893504e-06, 0.026082628415134652, -0.00019656531701071032, -0.9392758011817932, -1.0136727094650269, -0.9695926585377711, -0.9939548836955862, 1731684436915329706, 
0.2548168897628784, 0.003518223762512207, 0.18071680316477534, 0.0007224235874350712, 0.01036519950969971, 0.06969702674406125, -0.9404202699661255, -1.0140451192855835, -0.9718507004910115, -0.9943741184424763, 1731684437012330421, 
-0.2565082311630249, 0.2099817991256714, -0.16521955534471272, 0.0031849805109935535, 0.028206690941373395, 0.11291578007549423, -0.9416643381118774, -1.0144518613815308, -0.9730588921466486, -0.9946003245497149, 1731684437108535301, 
-0.4651626944541931, 0.16091418266296387, -0.40247210423350277, 0.003330715227801642, 0.02584528652902288, 0.12887128274091394, -0.9431968331336975, -1.0150110721588135, -0.9763250577604012, -0.9952376465814906, 1731684437220457184, 
-0.12493908405303955, 0.0190771222114563, -0.18287826731630566, -0.0016068644451780057, -0.012661184036045835, 0.12691265213453443, -0.9423738121986389, -1.0147819519042969, -0.9787775045052962, -0.9957472157876749, 1731684437316424072, 
-0.02824723720550537, -0.08441740274429321, -0.06050766946277927, -0.0029015919295603525, -0.025345692182564786, 0.11448067421714951, -0.9408990740776062, -1.0142967700958252, -0.9776153484647878, -0.9954903978157713, 1731684437412304616, 
-0.0422818660736084, -0.009002387523651123, -0.046031254165278174, -0.002403786108670505, -0.019087196591554757, 0.1259370959554152, -0.9395617842674255, -1.0138821601867676, -0.9754519218991528, -0.9949829847945924, 1731684437508278708, 
0.05188274383544922, -0.11934882402420044, 0.03141744100861521, -0.003870273584517206, -0.028404385019683582, 0.13625620064772379, -0.9379066228866577, -1.0133509635925293, -0.973437472269724, -0.9944870940479256, 1731684437619810213, 
0.35853731632232666, -0.07903748750686646, 0.2902426746317689, -0.0031882385981344646, -0.02397022269577105, 0.13300830111590703, -0.9366180300712585, -1.0128575563430786, -0.9705785405608279, -0.9937443854479703, 1731684437715677685, 
-0.46218347549438477, -0.22702664136886597, -0.30519978977951234, 0.0023757422721773992, -0.020981432388479302, -0.11323069980112016, -0.9365987777709961, -1.0126341581344604, -0.967922487774491, -0.9930194398584513, 1731684437813681020, 
-0.1702321171760559, 0.14897745847702026, -0.19833036169171603, 0.011146317743646408, -0.03346215776830015, -0.3331021813006242, -0.9359174370765686, -1.0122731924057007, -0.9662932406346674, -0.9925628054199456, 1731684437907932716, 
0.3179434537887573, -0.008449077606201172, 0.21030830451540555, 0.0024376469004044857, -0.018416192180539283, -0.13236432789729413, -0.9344383478164673, -1.0119562149047852, -0.9636936108999361, -0.9918747867578098, 1731684438020337166, 
-0.07515496015548706, 0.19972074031829834, -0.01561564996759382, 0.0027802557851975018, -0.010966266088719102, -0.253528025191503, -0.9349949359893799, -1.0120047330856323, -0.9617295842057256, -0.9914170450326455, 1731684438115658169, 
0.11549675464630127, 0.06347519159317017, 0.08814845343740392, 0.0008000578680538011, -0.006594263262964851, -0.12132634627239414, -0.9358963966369629, -1.0123507976531982, -0.9607415874282832, -0.9912018059661725, 1731684438212584344, 
0.05824017524719238, 0.11425811052322388, 0.0644969415290895, -0.0005946844590151743, 0.004860873363158659, -0.12234107218722945, -0.9374584555625916, -1.0128576755523682, -0.960172107031234, -0.9910919770166818, 1731684438307955857, 
0.07402998208999634, 0.17190057039260864, 0.07197707053213426, 0.00028304569476016124, -0.002399686413273202, -0.11795111777712797, -0.9390743970870972, -1.0132265090942383, -0.9602984354815359, -0.9911135744213685, 1731684438420537791, 
-0.06741905212402344, 0.025610148906707764, -0.03829946698146587, -0.0009483159220727384, 0.007996317590835102, -0.11859407924963374, -0.9403336048126221, -1.01348876953125, -0.9602049587169857, -0.9910984929551501, 1731684438516472088, 
-0.11309438943862915, -0.2398476004600525, -0.09728109388426562, -0.001208499043570103, 0.047346319918658765, -0.025524666872658974, -0.9428406357765198, -1.0141303539276123, -0.9621383689490861, -0.9914053084735406, 1731684438613369752, 
0.08218103647232056, -0.14494788646697998, 0.044670342516429346, 0.0026855430982026815, 0.02880928514494727, 0.09321797068865094, -0.9452226758003235, -1.014599323272705, -0.9665172751968535, -0.9920509446366018, 1731684438708344898, 
0.16650623083114624, 0.16188323497772217, 0.14103860222238074, 0.0023090485745767848, 0.026876230433414236, 0.08591415303933504, -0.9464982748031616, -1.014884352684021, -0.9691466473384589, -0.9924385520307285, 1731684438820317838, 
0.018425047397613525, -0.06388163566589355, 0.0439111974558799, 0.0017693169467929467, 0.01574661852305301, 0.11236170763917797, -0.9476062059402466, -1.015273928642273, -0.9712028696056767, -0.992762665914767, 1731684438916323976, 
-0.19894713163375854, 0.043956220149993896, -0.1482468985031751, 0.002328279636654099, 0.01859016553496708, 0.12524254462795037, -0.9490373134613037, -1.0156536102294922, -0.9728235779625942, -0.9930321285994451, 1731684439012333189, 
-0.19299077987670898, -0.07652103900909424, -0.18364314575599164, 0.0006612635010893921, 0.004948755868517529, 0.1336221706340675, -0.9503448605537415, -1.0159940719604492, -0.9747035140918824, -0.9933672682797214, 1731684439108170096, 
0.17087972164154053, 0.06038123369216919, 0.09699104259931632, 0.0020438242644158647, 0.015878580987576926, 0.128715800613097, -0.9519788026809692, -1.0164605379104614, -0.9757818011537095, -0.9935722689124016, 1731684439220304864, 
-0.08171528577804565, -0.0588994026184082, -0.04446027586473719, 0.0018183245463763546, 0.012909489944551721, 0.14085177293497597, -0.9535701870918274, -1.0170738697052002, -0.9770937431073292, -0.9938422578758118, 1731684439316438821, 
-0.8154301643371582, 0.24647068977355957, -0.6543330969287716, 0.004052739025294946, 0.03558088830261097, 0.113902131695727, -0.9547613859176636, -1.0174047946929932, -0.9793823161571484, -0.9943384054108696, 1731684439412333973, 
0.5169817805290222, -0.13172394037246704, 0.27246708115222096, -0.005283720096050441, -0.01926517204792754, 0.2742628035143262, -0.9546746015548706, -1.0175801515579224, -0.9825980836724267, -0.9950943418409518, 1731684439508458524, 
0.019096672534942627, -0.09574627876281738, 0.07190626241582804, -0.0035046371605768436, -0.012333842109210243, 0.2841480480733389, -0.9550586938858032, -1.0177909135818481, -0.9803266578730484, -0.9945284898761306, 1731684439620337407, 
0.2966521382331848, -0.4493289589881897, 0.24931422851824625, -0.028958293439082926, -0.09501189893053548, 0.3047859664425267, -0.9552011489868164, -1.017959713935852, -0.9768701294062346, -0.9935796030056705, 1731684439716315109, 
0.36306333541870117, -0.24375003576278687, 0.3393195877908408, -0.019130412960703516, -0.06869093426556616, 0.27849982192327427, -0.9554751515388489, -1.0179191827774048, -0.9677822177956488, -0.9907576510766147, 1731684439812307174, 
0.031028032302856445, -0.14031696319580078, 0.09544239976033747, -0.0043605718306858636, -0.02528466873213849, 0.1724591244157092, -0.9565293192863464, -1.0183154344558716, -0.9615954517538637, -0.9886330799329079, 1731684439908176780, 
-0.4811709523200989, 0.1134413480758667, -0.3605565818161727, 0.001115746051247413, 0.03215099161215873, 0.03470331692119458, -0.9589182138442993, -1.0192848443984985, -0.9605357139662974, -0.9882313421502062, 1731684440020350880, 
-0.6498863697052002, -0.19329506158828735, -0.5895079601937429, -8.539978472244296e-05, -0.01089365560614758, 0.00783940559624903, -0.9591683149337769, -1.019423007965088, -0.9634829323318626, -0.9893729016435645, 1731684440116352110, 
0.5770320296287537, 0.10031694173812866, 0.33361779656381585, 0.0032715678718839383, -0.03647941859527218, -0.08968256616644492, -0.9572383165359497, -1.0184084177017212, -0.9627909466259443, -0.989103524473602, 1731684440212330655, 
-0.21079474687576294, -0.1453445553779602, -0.09706212446958634, -0.0017937076390022238, 0.010704133025473985, -0.1675715010952788, -0.9560773372650146, -1.0178452730178833, -0.9599571807620838, -0.9880037290909297, 1731684440308150897, 
0.4416864514350891, -0.5079228281974792, 0.32954944775091666, -0.013132523976114698, 0.07797305357416073, -0.16842387689260188, -0.9574593305587769, -1.018620491027832, -0.9626161642575223, -0.9890076210264617, 1731684440421475168, 
0.5460361838340759, 0.006491363048553467, 0.5005215620670764, -0.007987939186908474, 0.042188735921090015, -0.18933819685541534, -0.9593430161476135, -1.0192675590515137, -0.9681988000843519, -0.9909916738849289, 1731684440516321423, 
-0.45527422428131104, 0.0460810661315918, -0.2558855814404276, -0.009324109155150369, 0.05381307679015347, -0.17326846393693776, -0.9639671444892883, -1.0214346647262573, -0.9716660494118758, -0.9921619283908345, 1731684440612354734, 
0.41493529081344604, -0.377281129360199, 0.2750742488017024, -0.012577987065809903, 0.07249358571143377, -0.17350482725295913, -0.9667558670043945, -1.0225383043289185, -0.9775927363314434, -0.9940436109785719, 1731684440708037251, 
-0.07565659284591675, 0.21197199821472168, -0.0028963435081326705, 0.000814567607775889, -0.0030845779574757565, -0.26407749099085337, -0.9673758149147034, -1.0226333141326904, -0.9821431328948571, -0.9953843841898498, 1731684440820450631, 
0.27139490842819214, 0.06047415733337402, 0.214143072135758, -0.0001041542201927846, 0.00104223852527537, -0.09993318963647596, -0.9685515761375427, -1.0231586694717407, -0.9818877413487352, -0.9953148544881963, 1731684440916420223, 
-0.07279926538467407, 0.17430126667022705, -0.012895661835116867, -0.0013379014357746191, 0.020661633230396038, -0.06475293704305943, -0.9716519713401794, -1.0242184400558472, -0.9820679025839492, -0.9953617763659278, 1731684441012329342, 
-0.9348223209381104, 0.1523534655570984, -0.7423265154202441, -0.00022499485318652003, 0.020133456796189483, -0.011175172523235216, -0.9750506281852722, -1.0253138542175293, -0.9844933809465395, -0.9959556499599997, 1731684441108022138, 
-0.17085623741149902, -0.11084014177322388, -0.2900525144030653, -0.0006713816053951768, -0.02704658560336939, 0.024823155692951418, -0.9741470813751221, -1.0251245498657227, -0.9868911745917857, -0.9965272096006256, 1731684441220377852, 
0.15772515535354614, -0.0941321849822998, 0.06431447506036275, -0.0006616733075721546, -0.03792939469020014, 0.017444868629636, -0.9710067510604858, -1.0240447521209717, -0.9845260489632778, -0.9959646227216032, 1731684441316326309, 
-0.030142903327941895, 0.07542973756790161, -0.01044666093378012, -0.0014719209303694176, -0.03717913735222405, 0.03958996994537227, -0.9676163792610168, -1.0229284763336182, -0.9807350646982744, -0.9950531323905859, 1731684441412355460, 
0.42695003747940063, -0.09159433841705322, 0.3356196511609605, -0.0030596772887220044, -0.0392810380747496, 0.07789196616697378, -0.9642478227615356, -1.0216588973999023, -0.9769027145013879, -0.9941219926796456, 1731684441508112836, 
0.4358692169189453, -0.2609580159187317, 0.41487237212170575, -0.005484919669933122, -0.020064124751439007, 0.2733694959477234, -0.9618786573410034, -1.0211029052734375, -0.9726863663471388, -0.9930713207121614, 1731684441621532652, 
0.020061790943145752, -0.04677075147628784, 0.10243228375084945, 0.0012385510856956414, 0.007478506593393558, 0.16561476148055626, -0.9635323882102966, -1.0215171575546265, -0.9705627230881362, -0.9925172782627206, 1731684441716368953, 
0.09105223417282104, -0.1797376275062561, 0.09327115014387583, -0.003682358604426034, -0.016579596264361146, 0.2221018259860458, -0.9641454219818115, -1.0218394994735718, -0.9704519970140258, -0.9924904765230756, 1731684441812338329, 
0.5215765237808228, 0.11731767654418945, 0.43223136541431373, 0.0016304257806107824, 0.010816786885148312, 0.1507310625532794, -0.963546097278595, -1.0216009616851807, -0.9691337252764252, -0.9920849340650131, 1731684441909091586, 
-0.44292622804641724, -0.29084092378616333, -0.260484280256155, -0.0011070421989441016, -0.008393312878704443, 0.1318957383029167, -0.9640722274780273, -1.0218756198883057, -0.9690197779573059, -0.9920515493800537, 1731684442020604790, 
0.1415466070175171, -0.2605416774749756, 0.05773990257808925, -0.00021780222326346697, -0.004792826382735406, 0.045443378472466364, -0.9678728580474854, -1.0236971378326416, -0.9687902073896015, -0.9919706607512437, 1731684442116313680, 
-0.11859047412872314, 0.22282087802886963, -0.08163959309589752, -0.0011485035152748887, 0.030398481475244044, -0.037781608144150505, -0.9703255891799927, -1.0247172117233276, -0.9691278251011268, -0.9920890656377066, 1731684442212335294, 
-0.5868232250213623, -0.4058358669281006, -0.4812463573071322, -0.00330494370636799, 0.04374463091872549, -0.07555084217097059, -0.9735087156295776, -1.026232361793518, -0.972730842963261, -0.9933891984169889, 1731684442308845280, 
0.19330859184265137, 0.38547462224960327, 0.05242810186838359, 0.0015603087339696939, -0.01270617703638112, -0.12279922824167494, -0.9753980040550232, -1.0269827842712402, -0.9763579431320502, -0.9946785565004547, 1731684442420454135, 
-0.5338484048843384, 0.037458956241607666, -0.4113597265288401, -0.0010406874742050214, 0.00967603297705894, -0.10755311362336235, -0.9770215749740601, -1.0277495384216309, -0.9758320274166795, -0.9944984723297436, 1731684442516372715, 
0.2728666663169861, 0.24720829725265503, 0.13006970992121425, 0.002395584007289031, -0.017156571368748787, -0.139630696355372, -0.9783025979995728, -1.0281778573989868, -0.9768120294339809, -0.9948238485376067, 1731684442612368105, 
0.3145056366920471, 0.09157651662826538, 0.2760195929436826, -0.00011436475040546728, 0.0008952323239491654, -0.12774868304683928, -0.9797174334526062, -1.0289068222045898, -0.97522361175578, -0.9943152960385759, 1731684442708477598, 
-0.1838405728340149, 0.04911893606185913, -0.08789489086731372, -0.001801675885378179, 0.01309576172551391, -0.1375770209584717, -0.9813761711120605, -1.029471755027771, -0.9751244049642235, -0.9942850834926786, 1731684442820363367, 
-0.16808712482452393, -0.14433735609054565, -0.1512447398464121, -0.0030518539753223444, 0.025995092595494988, -0.1174011580882477, -0.9825524091720581, -1.0299038887023926, -0.9769575105304823, -0.9948206396939514, 1731684442916370382, 
0.08421134948730469, 0.008719384670257568, 0.035009081262511454, -0.0004635092663771928, 0.001960617231132873, -0.2364098708391798, -0.9829140901565552, -1.0297797918319702, -0.9791369623789479, -0.9954198571097529, 1731684443012340563, 
0.0813949704170227, -0.12661606073379517, 0.07173625688401009, -0.0016367095569458797, 0.01126638633112576, -0.1452736936975191, -0.9819256663322449, -1.0295661687850952, -0.9794547206424, -0.9955035238306548, 1731684443108475211, 
-0.10987985134124756, 0.2943025231361389, -0.07217491355587824, 0.006887585317669313, -0.02863179165441882, -0.24055725889603324, -0.9810828566551208, -1.0292555093765259, -0.9794661888511461, -0.9955000474058965, 1731684443220416327, 
0.3940311074256897, 0.0436481237411499, 0.296847911698075, 0.0001928534423052919, -0.0012391963973940531, -0.15562782680037623, -0.9825659394264221, -1.0296310186386108, -0.977342346515877, -0.9950334834559927, 1731684443317381891, 
-0.23356759548187256, 0.1888430118560791, -0.1229209460143525, -0.00035757703887319664, 0.006308944540348419, -0.05667779080737473, -0.9850372672080994, -1.030056118965149, -0.9768876840070106, -0.994942830078477, 1731684443412344760, 
0.1827688217163086, -0.11968827247619629, 0.11911960219152973, 0.0012768413984992591, 0.03283699501481425, 0.03888423401481221, -0.9882948398590088, -1.031179428100586, -0.9783588923613584, -0.9952163354908177, 1731684443508520749, 
-0.8694505095481873, 0.3630797863006592, -0.6630691053635497, -0.0004346518909508452, 0.039115058543273226, -0.011112137042310372, -0.9913772344589233, -1.0319714546203613, -0.9818816047374419, -0.995853167011195, 1731684443620379174, 
0.21057027578353882, -0.10497719049453735, 0.02822841204357196, 7.90476698175169e-07, -0.012162927223454648, -6.499066249864884e-05, -0.9914085268974304, -1.03205406665802, -0.9857281199721414, -0.9965585527578862, 1731684443717319584, 
0.8853806257247925, 0.1494133472442627, 0.706400962156648, -0.0023437968736980384, -0.011968817440059808, 0.1958252672359523, -0.9889919757843018, -1.0315110683441162, -0.9840787011803941, -0.996257172446946, 1731684443812352029, 
-0.03130871057510376, 0.4609813690185547, 0.12290267523876985, 0.015019147862863732, 0.09881383616623056, 0.15199438100548612, -0.9907578825950623, -1.031861424446106, -0.9842705285321225, -0.996291750109646, 1731684443908549835, 
0.18157362937927246, -0.02253580093383789, 0.16894959025952677, 0.004175372423980464, 0.029245266417867413, 0.14277088005700359, -0.9925163984298706, -1.0323787927627563, -0.9918606724940869, -0.9978710530125013, 1731684444020561673, 
