imu_ax, imu_ay, kf_ax, kf_ay, kf_vx, kf_w, kf_x, kf_y, stamp, 
0.00047594308853149414, 0.019580483436584473, 0.0003171195079904967, -2.960017156906679e-12, 5.276530914983308e-06, -5.609778857736576e-07, -5.276530914983306e-07, 0.0, 1731681283085877542, 
-0.021313786506652832, 0.0018323659896850586, -0.013194603163453148, -6.44529734564546e-11, -0.00022195131589040088, 2.903923916733224e-07, 2.2195028797368966e-05, -1.695196607755937e-13, 1731681283126511265, 
0.005521178245544434, -0.01592886447906494, -0.0015988351918410585, -5.7749470358930824e-09, -0.00038682395535328444, 1.4929134961713658e-05, 3.868183018221194e-05, -8.141190690740525e-12, 1731681283174945901, 
0.05997931957244873, -0.0325542688369751, 0.0364719133675296, 2.3261233972306288e-05, 0.0015925991841519859, 0.014605830647020103, 2.6730688747030806e-05, -1.612046249794384e-08, 1731681283224881057, 
0.014960706233978271, -0.030886530876159668, 0.023167043977074156, 0.0012288260398537572, 0.004008609888432111, 0.3065466767918363, 0.00014680957537793857, 1.0718839819882163e-06, 1731681283275844324, 
-0.06983476877212524, 0.5817291736602783, -0.03257955107441178, 0.08097099609962044, 0.10541215484811416, 0.7681371869903391, 0.00679948315529416, 9.387154970894909e-05, 1731681283324883701, 
-0.15555429458618164, -0.11814135313034058, -0.11061437983077826, -0.022629213050742742, -0.019728159372741902, 1.1470514112943138, 0.010263948970848173, 0.0006418458308570891, 1731681283365908082, 
-0.07352608442306519, -0.14778602123260498, -0.08807534360074057, -0.07635338292584803, -0.05319428490409396, 1.4353681615141272, 0.006746616629432688, 9.503783992942358e-05, 1731681283414898540, 
-0.05987513065338135, 0.07609176635742188, -0.06888442745950814, 0.046913016783408354, 0.02997972353945451, 1.5648248631001869, 0.004921548884658346, -0.0007024536344678726, 1731681283465129626, 
0.0006819367408752441, 0.20711135864257812, -0.024526930961427815, 0.13950003285516058, 0.09247098072798138, 1.5085817383674442, 0.009295641536816246, 0.0013740064050136182, 1731681283624917918, 
0.039704203605651855, 0.3184620141983032, 0.016313234938509953, 0.23035596948096534, 0.14768793283749157, 1.5597480786357647, 0.01797121506354351, 0.007471395938623503, 1731681283724941275, 
0.04938185214996338, 0.023248374462127686, 0.034806635273000645, 0.08452989683209843, 0.05517437627923634, 1.5320498849736774, 0.026878399241556137, 0.016235435306192394, 1731681283814922618, 
-0.1006132960319519, -0.3427775502204895, -0.05196569836349233, -0.1427208449524445, -0.09517646319427053, 1.4995392785412525, 0.028017654040444442, 0.017933288501134792, 1731681283925547686, 
0.12991809844970703, -0.38466590642929077, 0.05954102193345034, -0.21187977671944058, -0.13947780224003978, 1.5190931697848078, 0.0229500391241228, 0.008624917073180404, 1731681284024921008, 
-0.24140137434005737, -0.6885389089584351, -0.12874178210639398, -0.40057334321727295, -0.25426813785161406, 1.5753973211186993, 0.017285918593627228, -0.007056232483397155, 1731681284124886880, 
-0.21479517221450806, -0.41285568475723267, -0.1800590585429772, -0.2785748821429921, -0.17828564203557928, 1.5625200042042575, 0.013035803235946025, -0.029911786646316253, 1731681284216914738, 
-0.14886581897735596, 0.46606510877609253, -0.15353717356545848, 0.23890973083746145, 0.15737298884305034, 1.5181114153949793, 0.013039928988024774, -0.03958000612144233, 1731681284315486351, 
-0.16236591339111328, -0.09436112642288208, -0.16131499117145068, 0.04051077738528949, 0.027422245124753775, 1.4772961586839888, 0.01132185158486293, -0.026859363310482342, 1731681284425009146, 
-0.17899006605148315, 0.13949966430664062, -0.17059462318158444, 0.13713462728299972, 0.09112540914360068, 1.5048999897152182, 0.010130805854656937, -0.02234216930095814, 1731681284524902252, 
0.37890762090682983, 0.15201276540756226, 0.16941888407740993, 0.1688771452825791, 0.10972011280357422, 1.5391630665282894, 0.006154552558043267, -0.013552659914890736, 1731681284615913605, 
0.012943565845489502, -0.013949573040008545, 0.07137028923887913, 0.09553024395907438, 0.05484197581522787, 1.7419183488379837, 0.0011095084580732117, -0.006013613161620478, 1731681284715146718, 
-0.910851240158081, 0.02232462167739868, -0.5352299730574128, 0.09868439949486348, 0.054473715800878744, 1.811596621306152, -0.002736069768871147, -0.0017538323965196425, 1731681284824904997, 
0.06084764003753662, -0.304872989654541, -0.16872584468697183, -0.11641443086983892, -0.07147298278755367, 1.628789317718406, -0.005876333100482427, 0.0005976839330277205, 1731681284924905050, 
0.291159987449646, 0.22542566061019897, 0.11929988520697588, 0.16878828225955184, 0.10647147728702334, 1.5852910710023895, -0.002704944858355402, -0.00093108284439646, 1731681285015917016, 
-0.01130688190460205, 0.6875052452087402, 0.04293310237646493, 0.5277814216065769, 0.3256222996315259, 1.62083930432226, -0.017129440675896685, 0.003992774995903984, 1731681285125759721, 
-0.7847081422805786, -0.011655271053314209, -0.4726587415382561, 0.17087481598476062, 0.10759716583975357, 1.588097740782946, -0.04479685345265201, 0.00833382502220071, 1731681285225045087, 
-0.007925152778625488, 0.2833065390586853, -0.1835574953333391, 0.2493881843206856, 0.16855149711015313, 1.4795963761609512, -0.0583157320475692, 0.008459756041116016, 1731681285324909486, 
-0.22371834516525269, 0.2344893217086792, -0.20789969130678398, 0.2584250882739271, 0.17207261817876277, 1.501837369647357, -0.07542601546859654, 0.0058148174091244235, 1731681285415919504, 
0.5866794586181641, 0.7407769560813904, 0.2870557375860455, 0.5590540160531144, 0.36459718455868134, 1.5333470463569518, -0.09633469340697816, -0.0006081113561449819, 1731681285525467048, 
-0.13597553968429565, 0.4279025197029114, 0.023872688614504978, 0.4421937481014641, 0.2964560226796779, 1.4915998133701487, -0.127317452020995, -0.01572805872018363, 1731681285624921234, 
-0.23397940397262573, 0.4126601815223694, -0.13580872503765481, 0.40735508340424725, 0.2762522524799194, 1.4745765138470956, -0.15147713703366175, -0.032408841262141594, 1731681285724908232, 
-0.47033435106277466, 0.5648605823516846, -0.34110799923678425, 0.4785337819921638, 0.32435048108436015, 1.4753601733296093, -0.1729840278262654, -0.05244530547043802, 1731681285815933249, 
-0.22475653886795044, -0.02893728017807007, -0.27273264616204457, 0.17184090194945423, 0.12080273197582672, 1.4224918521200376, -0.1905268155826609, -0.07474071209266755, 1731681285926136472, 
-0.17525756359100342, 0.30397236347198486, -0.21033137027808643, 0.2850011590115059, 0.20364006084942154, 1.3995338531265002, -0.19817372265812944, -0.08764490590017103, 1731681286026947712, 
-0.01978123188018799, 0.04124271869659424, -0.09375060942001748, 0.17503686687940426, 0.13029434465118206, 1.3433957348494656, -0.20535667171928448, -0.10535015101377262, 1731681286123918036, 
-0.34649062156677246, 0.7639861702919006, -0.24443474526711303, 0.5149532706720389, 0.38783808811570375, 1.3277532208709033, -0.21066035416092416, -0.12501028563116204, 1731681286215969362, 
-0.24270248413085938, 0.06761187314987183, -0.2469374908635966, 0.24183722867612487, 0.18538657907647238, 1.3045023533033988, -0.21443417153744768, -0.15876313846157708, 1731681286312969773, 
0.17126679420471191, 0.5146329998970032, 0.014268226811166768, 0.39801884072953675, 0.3114437531071055, 1.2779798495192745, -0.21424779354584594, -0.1814811525762615, 1731681286426056880, 
0.3444279432296753, -0.26527726650238037, 0.21310960012617805, 0.07521976050637715, 0.06257180070234503, 1.2021351417421826, -0.2105906478251325, -0.20527747814184033, 1731681286524054881, 
-0.2260255217552185, 0.38017916679382324, -0.05480638505183613, 0.2997914003016443, 0.24638216441738084, 1.2167739536283404, -0.20779872986960857, -0.2162368982729773, 1731681286614949624, 
-0.4458054304122925, 0.4009246826171875, -0.2951305311248087, 0.351007349363314, 0.29731117671110535, 1.1806059672771225, -0.19778572866960173, -0.24111141272028366, 1731681286713642780, 
-0.2765350341796875, 0.2824285626411438, -0.28373605746758723, 0.3082505480900507, 0.2636298652602381, 1.169255037875796, -0.18338729931706327, -0.26702342361704884, 1731681286826361271, 
0.35554468631744385, 0.4227871298789978, 0.11258317027909481, 0.36493070742632705, 0.3169224749966434, 1.1514825745008843, -0.16674684025472092, -0.29022165263860533, 1731681286923310711, 
-0.18569952249526978, 0.019856393337249756, -0.07434855566941512, 0.20814046492769947, 0.18868099138582012, 1.1031342553319963, -0.14798456943124227, -0.3106351015103569, 1731681287014977779, 
0.037093162536621094, 0.4426143765449524, -0.002913918160071846, 0.3539215831967288, 0.31518702016286004, 1.122893902844902, -0.1307182497866201, -0.3258933814793668, 1731681287112896923, 
-0.3269861936569214, -0.13435369729995728, -0.20645776916979225, 0.14749911056107473, 0.1390691598571464, 1.0606169672167982, -0.10910823950852447, -0.34076174536830145, 1731681287224938938, 
-0.03681725263595581, 0.020501554012298584, -0.10109797816976919, 0.15434831887125797, 0.15132478417725428, 1.0199804328844246, -0.09584285948641424, -0.3480609342445718, 1731681287323573234, 
0.09013491868972778, -0.11203992366790771, 0.01636673139369721, 0.11248943941927665, 0.10921092274534874, 1.03002004370545, -0.08306141050840951, -0.3532973082950808, 1731681287415390060, 
0.1991029977798462, 0.631330668926239, 0.1342479189076014, 0.38449580677570744, 0.373660221091487, 1.0289984993654635, -0.06390381618231984, -0.35938775780386983, 1731681287517118656, 
-0.24415451288223267, 0.3640667200088501, -0.10016520242672691, 0.35462761626121764, 0.3475310880033078, 1.0204198372545086, -0.02821915736250572, -0.36621783444010875, 1731681287625225962, 
0.5794466137886047, 0.30626505613327026, 0.3192197008921991, 0.32316666545728573, 0.3252384501891224, 0.9936299514075536, 0.005504778255907244, -0.3691119873031804, 1731681287722186543, 
-0.03334420919418335, 0.3682268261909485, 0.10132112302990492, 0.33915814359463914, 0.347247814682485, 0.9767034643681117, 0.038123198216728695, -0.36871074169858453, 1731681287815749756, 
-0.18638396263122559, 0.34185487031936646, -0.07657945158267956, 0.32828227215201466, 0.34516579965904226, 0.9510857462596083, 0.07266156856462376, -0.36487781626588855, 1731681287925287752, 
0.11388283967971802, -0.21594250202178955, 0.03742885217782134, 0.1325814063481034, 0.15104092972187255, 0.8777846282609582, 0.09986737088365123, -0.3589270961666947, 1731681288024942444, 
0.25452154874801636, 0.9269087910652161, 0.17808392859837097, 0.4633409180211989, 0.5019235678495829, 0.9231304280177843, 0.12667515474475843, -0.3510973190838898, 1731681288122003443, 
0.025488197803497314, 0.3188343048095703, 0.08135957250553019, 0.35164474937090856, 0.3870914154347735, 0.9084281783308165, 0.16840225328532643, -0.33383527156614934, 1731681288215076599, 
0.19056427478790283, 0.33003783226013184, 0.14808298150293853, 0.3254602941441026, 0.3574572954596418, 0.9104872058230191, 0.2012232604182486, -0.3166290846656585, 1731681288315962397, 
-0.017129719257354736, 0.18118804693222046, 0.04476099178353482, 0.26326991353475887, 0.304641250628497, 0.864196536062053, 0.2294699316123003, -0.29842980872009794, 1731681288425021045, 
0.3280755281448364, 0.648562490940094, 0.22243268097524482, 0.40664582219105494, 0.4531430325404398, 0.8973895502956115, 0.2577449861942891, -0.2766544001183114, 1731681288521104284, 
-0.07236355543136597, -0.04088348150253296, 0.03645767252363935, 0.2147127547404105, 0.26783067044885445, 0.8016735140175536, 0.2853987758937444, -0.25080035622291247, 1731681288635747471, 
0.08826988935470581, 0.3341895341873169, 0.06969698561855092, 0.2771302168761437, 0.33713504865338817, 0.822015444502372, 0.3051072730417682, -0.2292019350990448, 1731681288725286548, 
0.534005343914032, 0.20016664266586304, 0.3559309840772062, 0.2603289009614966, 0.3191458558601255, 0.8157050959032127, 0.3246839199050092, -0.203653819071348, 1731681288824954597, 
0.05862528085708618, 1.0590778589248657, 0.17684637704635828, 0.5362381783004829, 0.5939013117623829, 0.9029078866810607, 0.347643671244374, -0.16872128668796574, 1731681288926952483, 
-0.5151496529579163, -0.5900247097015381, -0.2591655433859905, 0.09539612929886714, 0.15136688180577518, 0.6302311850572021, 0.3674903136374049, -0.1311018051014755, 1731681289015957252, 
0.42629504203796387, 0.0719943642616272, 0.16607688540413046, 0.16697059709900022, 0.22587275463956435, 0.7392241590423022, 0.37439832581274723, -0.11509874715634122, 1731681289126272254, 
-0.05105769634246826, -0.43188655376434326, 0.029243012685717246, 0.0635288783379532, 0.092073696475406, 0.6899785798751171, 0.37972815638876883, -0.09974591746990095, 1731681289225066360, 
0.14122897386550903, -0.03107219934463501, 0.10003861910915915, 0.13559725442845202, 0.183665410108391, 0.7382841132057946, 0.38324779112446145, -0.08741320977927144, 1731681289324978933, 
0.5334122180938721, 0.6088505387306213, 0.37182334401644934, 0.3306775498625536, 0.4220671957885445, 0.7834713362282316, 0.389112573821338, -0.059886261668049875, 1731681289415048107, 
-0.4802989959716797, -0.4010416269302368, -0.1597868214981064, 0.10537632077234657, 0.16564485480703312, 0.6361581281537783, 0.39273207140179245, -0.029532444969297623, 1731681289515414073, 
-0.18226730823516846, -0.22712719440460205, -0.1737125928444289, 0.09593111121101082, 0.14652509250104234, 0.6547077334916434, 0.3935866059223329, -0.01323939132864034, 1731681289624977296, 
0.5764027833938599, -0.15479499101638794, 0.2900270804749112, 0.10938395888457358, 0.15888728368712696, 0.6884374655178014, 0.3933661136206134, 0.001707628170938252, 1731681289726076943, 
-0.014469563961029053, -0.06795775890350342, 0.10216029945738767, 0.13268168818881834, 0.1967224476025583, 0.6744613530677364, 0.392113682346331, 0.01839842822389701, 1731681289816094533, 
-0.08261096477508545, 0.8040682077407837, -0.0070023899975568404, 0.3466073342414263, 0.47677141023614594, 0.7269885039242411, 0.3877949712392519, 0.050399455612937204, 1731681289915414155, 
-0.4185296297073364, 0.7722562551498413, -0.259762586191585, 0.43158426839165126, 0.5492859436585779, 0.7857187560945725, 0.3768642682058305, 0.10059141186334489, 1731681290020968338, 
-0.3806172013282776, 0.19043821096420288, -0.33698838855624885, 0.266002767996529, 0.3845452670154265, 0.6917333037565587, 0.362626512144021, 0.14783443180706385, 1731681290121973389, 
0.46990829706192017, -0.10079377889633179, 0.15938191453264572, 0.1594584428496213, 0.2513900311826144, 0.6343069456632022, 0.3504818800121988, 0.17905221368580176, 1731681290219062312, 
-0.04160571098327637, -0.05783504247665405, 0.03477891457850378, 0.14333197958513744, 0.24164863868435305, 0.593142094097873, 0.3402250386436519, 0.20134120764305238, 1731681290310552947, 
-0.16503912210464478, 0.743955671787262, -0.08451338785428988, 0.31110240249190024, 0.469491460319278, 0.6626369780620394, 0.32403792562910455, 0.23199323033898672, 1731681290421116147, 
-0.24575960636138916, 0.1409425139427185, -0.1859113812011423, 0.22268536412426346, 0.36031586438285546, 0.6180281973031528, 0.3015498100522532, 0.268029426964638, 1731681290525985596, 
0.16476893424987793, -0.3652002215385437, 0.027881692925859236, 0.10099617515849285, 0.19310771015640654, 0.5230043641276236, 0.2845332376631792, 0.29161313885641804, 1731681290615060749, 
0.5535223484039307, 0.07958275079727173, 0.35391806352158556, 0.14972028580916336, 0.27620605505376694, 0.5420601144316639, 0.2705173631975313, 0.3091092984096, 1731681290715582942, 
-0.5560716390609741, 0.23398184776306152, -0.20725406946664243, 0.2071635815956015, 0.3523133982783842, 0.5880093763334796, 0.25011146334637674, 0.3320036114012152, 1731681290824994836, 
-0.12606287002563477, 0.1757723093032837, -0.15693833015415326, 0.1959735865840759, 0.34209522431819567, 0.5728626787312104, 0.22481281976031375, 0.35724731871942095, 1731681290925982492, 
-0.16386473178863525, -0.02253633737564087, -0.161999954979123, 0.15736069644732692, 0.2830325357249864, 0.5559809441845557, 0.20074463662061284, 0.37853185964373476, 1731681291015078660, 
0.14708763360977173, -0.5076047778129578, 0.02648332444552942, 0.06923587222283296, 0.1351659584058807, 0.5122286190945301, 0.18376361896674104, 0.3917191899143085, 1731681291125992848, 
0.6791336536407471, 0.35963523387908936, 0.4330882537369592, 0.18976550918471655, 0.33803398068194157, 0.5613799796159197, 0.16549380374545655, 0.40487167444979466, 1731681291225035565, 
-0.410958468914032, 0.5001108646392822, -0.0871257248788681, 0.27001036091004815, 0.43575413798950796, 0.6196392354547174, 0.13376846967025893, 0.42494851963941893, 1731681291325968674, 
-0.505530834197998, 0.5169655680656433, -0.3447708698134197, 0.3075112141930473, 0.4662315519996468, 0.6595675751118626, 0.0935339154553778, 0.44711482181872103, 1731681291415980946, 
1.1410527229309082, -0.0653238296508789, 0.5706750080829002, 0.17394068742146804, 0.3222483372120309, 0.5397721798235988, 0.0572914334488738, 0.4639623598086224, 1731681291515071678, 
0.39333122968673706, 0.2934694290161133, 0.4614368499864828, 0.22278399226036807, 0.3932486632625386, 0.5665219314722354, 0.026691480862209245, 0.47612706552309697, 1731681291625073612, 
-0.7724230885505676, -0.5962823033332825, -0.30528346513361826, 0.06965737769383765, 0.1748456236443649, 0.3983936014064635, -0.0006581641223298591, 0.4852276919890649, 1731681291725987452, 
0.11088734865188599, -0.08224678039550781, -0.04663949174360488, 0.1132671184475492, 0.23439566056320082, 0.4832304411071153, -0.020746572769157083, 0.49087848665323386, 1731681291815981856, 
-0.678541362285614, 0.5914030075073242, -0.43356103160273446, 0.24432407848003, 0.4146740653945239, 0.5891954642680108, -0.05354919408884932, 0.4987746351198611, 1731681291926365391, 
-0.19311487674713135, 0.3357686400413513, -0.2843271603763263, 0.2399489684246934, 0.41448170057172307, 0.578913298448919, -0.09632635335546004, 0.506477665092992, 1731681292024987238, 
-0.473194420337677, 0.42282748222351074, -0.40017870325107135, 0.2473726673288914, 0.42944578064834227, 0.5760277047207876, -0.1399661499123269, 0.5117753081424601, 1731681292125982038, 
0.32550835609436035, -0.6605650782585144, 0.04356885300580415, 0.059861908263152463, 0.15133495638880068, 0.39555902807649307, -0.17096810153276226, 0.5134945357591729, 1731681292216989788, 
-0.38033556938171387, 0.3731864094734192, -0.2148964743263767, 0.16794735784790452, 0.33656702263808086, 0.49900122873446995, -0.195130984628168, 0.5139819755102594, 1731681292316002992, 
-0.7566784620285034, -0.4953726530075073, -0.5517535274997067, 0.0737575467304982, 0.18543942207596806, 0.39774469691931147, -0.223071650525453, 0.5130813069212703, 1731681292426067772, 
-0.07507133483886719, 0.36812591552734375, -0.25375667846860095, 0.1642012803118264, 0.33454665151441754, 0.4908172883169629, -0.25124789033056344, 0.5110754726811065, 1731681292525985316, 
0.27444034814834595, -0.3144773840904236, 0.07096253870751257, 0.09793882538912939, 0.22754186121785064, 0.4304211315884503, -0.2794810506191859, 0.507568958566658, 1731681292616985703, 
0.34929031133651733, 0.7529133558273315, 0.24688277335067602, 0.257800094592565, 0.46162283773970436, 0.5584647758218819, -0.31297543059302196, 0.502103847642376, 1731681292726156074, 
0.7141225337982178, -0.26359182596206665, 0.5321904520731764, 0.12757812234239396, 0.3059478393558283, 0.41699304891647243, -0.3484105684765467, 0.49422205271578384, 1731681292826009120, 
0.04757899045944214, 0.6199707388877869, 0.23482475184324264, 0.24307432694433664, 0.4613124439135854, 0.5269190765421237, -0.38309762164860295, 0.4848837631365644, 1731681292925986487, 
-0.6901511549949646, -0.09858149290084839, -0.33900152735538275, 0.14269580994818568, 0.33650547978957124, 0.42405196503016357, -0.42125549841739257, 0.472612653084903, 1731681293017004641, 
-0.3603559732437134, -0.05422472953796387, -0.3522142900998998, 0.1258534506993725, 0.30134064021872864, 0.4176451294721534, -0.45277312164878136, 0.46079391140689, 1731681293126590651, 
-0.4351387023925781, 0.3132920265197754, -0.40150339371135557, 0.17461499945553663, 0.3740955172599798, 0.4667658162131543, -0.48578928894904283, 0.4469048858667691, 1731681293226059205, 
-0.2316138744354248, 0.3905476927757263, -0.2952795042328049, 0.21243000265251666, 0.4080255646619498, 0.5206291493733131, -0.5227590483948209, 0.42929406123113756, 1731681293326319070, 
-0.8307555317878723, 0.5032765865325928, -0.6245790333642787, 0.2466124038885192, 0.45519951701597294, 0.5417677187031497, -0.562994986137085, 0.4077579255878738, 1731681293416002691, 
0.280381977558136, -0.4465569853782654, -0.06880491291776403, 0.0860173815362373, 0.22573174135396618, 0.3810601957008557, -0.5939591711435689, 0.3887769812590856, 1731681293526484801, 
-0.2803552746772766, -0.15954381227493286, -0.19886001110071955, 0.09372507830836486, 0.25159534333610156, 0.37252310422597634, -0.6144341890864871, 0.3750640149557323, 1731681293626009050, 
-0.4263651371002197, 0.09436285495758057, -0.3378683888735513, 0.13869135338836314, 0.31473957250054485, 0.44065432346650035, -0.6384287045363539, 0.35760174011081153, 1731681293725997131, 
0.22115463018417358, 0.17537271976470947, 0.008542828777029665, 0.1615585304732142, 0.3501465589365651, 0.4614025937135747, -0.6653698605859686, 0.3362186616619327, 1731681293816007058, 
0.029980778694152832, 0.3416324853897095, 0.022855047866777573, 0.21157196073696344, 0.411250656431599, 0.5144598736273458, -0.6940776950656706, 0.31122466278675814, 1731681293914944679, 
0.4858822226524353, 0.4034162163734436, 0.3093106660768068, 0.23623441464621917, 0.44353459602456147, 0.5326177862191775, -0.7243203069160559, 0.282118338775045, 1731681294028051126, 
0.46254855394363403, 0.6849552989006042, 0.4048874227631583, 0.3155561599434163, 0.5262502102660873, 0.5996314182636848, -0.7560537962662204, 0.24817571599280547, 1731681294124997894, 
-0.10665738582611084, -0.19651806354522705, 0.08490436294571957, 0.14520431799017888, 0.3414725859411374, 0.42522979579745535, -0.7834553805033981, 0.21531432624287003, 1731681294217008267, 
-0.3443896174430847, -0.08395153284072876, -0.1808479194327885, 0.12281739665180585, 0.31424445970911347, 0.39083392835467706, -0.8034308881739782, 0.18876743134280208, 1731681294315294563, 
-0.3745800852775574, -0.15835583209991455, -0.3006315053220091, 0.10676024224036866, 0.28800043383554047, 0.3706947271521575, -0.8212712942390241, 0.16292211014682034, 1731681294426013343, 
0.23683106899261475, 0.21017467975616455, 0.03281010300811804, 0.15631703722056564, 0.3452325767649334, 0.45278762127654276, -0.8385806389035926, 0.13557571831465323, 1731681294524000529, 
-0.08795511722564697, 1.00102698802948, -0.03815675225432018, 0.34361257238774606, 0.5525201741928278, 0.6219004996328448, -0.8613194872808058, 0.09634891838808993, 1731681294616034046, 
-0.380828320980072, 0.8236568570137024, -0.2488371478639142, 0.398950175694884, 0.600164019370541, 0.6647352437310514, -0.8877640883827664, 0.04431033487243863, 1731681294726086670, 
-0.17351633310317993, -0.020070672035217285, -0.20586011706755497, 0.1909767280991005, 0.38451300800162014, 0.49667169673046746, -0.907982168972917, -0.002940814099026672, 1731681294826812591, 
-0.18612289428710938, 0.19636303186416626, -0.19349306220148604, 0.18417996840292636, 0.3741082475729159, 0.4923173161720489, -0.9212330978618218, -0.03959426500897988, 1731681294924043123, 
0.10790741443634033, -0.5764451622962952, -0.010386447304614105, 0.06402412946093523, 0.19044997298261548, 0.3361729511338888, -0.9298649561001333, -0.06800045738035296, 1731681295016067085, 
-0.42347830533981323, 0.04659533500671387, -0.2636528985447837, 0.11706163178948784, 0.2902844405804116, 0.4032652647707469, -0.9361441448503212, -0.09167680502201936, 1731681295113481525, 
-0.05291718244552612, -0.18322747945785522, -0.13345156857767806, 0.10492008989750752, 0.2681958041293211, 0.3912070520197855, -0.9424305592199959, -0.11999473963206735, 1731681295225344526, 
0.1878882646560669, 0.9410068988800049, 0.06920192342484785, 0.2794257758819763, 0.49377735279143653, 0.5658942725953678, -0.9494295170727703, -0.15822397920930736, 1731681295323298418, 
-0.28832197189331055, 0.08346444368362427, -0.15356029246404768, 0.1918171683779805, 0.3879410883172137, 0.4944492196225795, -0.9551036290476974, -0.20178697596701153, 1731681295416111978, 
0.02507680654525757, 0.5020649433135986, -0.04175541798954008, 0.2456832486160967, 0.45532236935628445, 0.5395808885107782, -0.9584505279509231, -0.24426211015278, 1731681295526715314, 
-0.1114112138748169, 0.31648463010787964, -0.08510716451091332, 0.22679398652836763, 0.43242534993710213, 0.5244696837531742, -0.9596131420963391, -0.28898829037671353, 1731681295626043564, 
0.44804269075393677, 0.04932737350463867, 0.2431920749415628, 0.17009566389931957, 0.37451936171950745, 0.4541705484020103, -0.958495022380574, -0.3293766963396507, 1731681295722933811, 
0.02665799856185913, 0.24905067682266235, 0.10946576062570995, 0.1884219753888704, 0.3972013235985097, 0.47437398667716163, -0.9556216757866953, -0.36679371517294507, 1731681295816676814, 
-0.4488334655761719, -0.2658364772796631, -0.2375594500224842, 0.109292818024869, 0.28149800254182866, 0.38825432876252414, -0.9514019844988668, -0.4008521457227519, 1731681295926301207, 
-0.36475807428359985, 0.713858962059021, -0.31279730779402354, 0.23386904956524135, 0.44128475791913624, 0.5299730964378719, -0.9453409453456574, -0.4376199374471491, 1731681296026192580, 
-0.3523262143135071, -0.1955430507659912, -0.33928798164271046, 0.12209494570501138, 0.29326440738951454, 0.41633059665111205, -0.9372867837677337, -0.47510917448158163, 1731681296122206511, 
-0.5981971025466919, 0.4117525815963745, -0.49686217438906355, 0.18855355942656898, 0.38736307345830795, 0.48676183236361864, -0.9281798596820104, -0.5100294334196647, 1731681296216223047, 
-0.061010122299194336, -0.12424319982528687, -0.2284906917159767, 0.1267815489923041, 0.2951381637962183, 0.42956677429165663, -0.9173835692443928, -0.5444534657734948, 1731681296316028621, 
-0.29199331998825073, 0.6870481371879578, -0.2644478537942164, 0.23957141852679775, 0.45449837391138365, 0.5271117176175166, -0.9042359577544296, -0.581016420352219, 1731681296426272760, 
-0.22893959283828735, -0.16431760787963867, -0.24466101173109223, 0.12813108323519434, 0.30854220159603574, 0.41527895559309, -0.8889845173475739, -0.6174041758572981, 1731681296521931063, 
0.44079869985580444, 0.6938225626945496, 0.1818523336162619, 0.24668390878577431, 0.4636094863114052, 0.5320941785476698, -0.8724514791426855, -0.6523355367556638, 1731681296615945530, 
-0.11453419923782349, -0.17058664560317993, -0.003988587709307073, 0.13886309462918006, 0.32332295461779414, 0.4294872747075215, -0.8541483165607192, -0.6864853735055684, 1731681296715962003, 
0.3386964797973633, 0.5147395133972168, 0.20963842925357518, 0.22620294129544938, 0.4338542386136719, 0.5213800423346172, -0.8351354374235123, -0.7183276949021391, 1731681296826038123, 
-0.18683505058288574, 0.32897526025772095, -0.03553284340975238, 0.23001798453268954, 0.43479359327022027, 0.529027998785933, -0.8114380490137368, -0.7540137134763297, 1731681296927041563, 
0.7374686002731323, 0.2948114275932312, 0.4417807216521474, 0.22044141343945814, 0.43097709142873525, 0.5114921832821119, -0.7860901571946087, -0.7880816641306355, 1731681297015911295, 
-0.25537610054016113, 0.13722491264343262, 0.009806782642235057, 0.19130178601996267, 0.3924734501604964, 0.48742605631472025, -0.7606285861324698, -0.8188322445644372, 1731681297116024806, 
0.4706663489341736, 0.14706045389175415, 0.2941166124963095, 0.17204436834575673, 0.3793777588284571, 0.4534909185953357, -0.7349018841071239, -0.8469344377093082, 1731681297226386003, 
-0.20410162210464478, 0.24231451749801636, -0.013790846028766734, 0.19249094018759802, 0.39305556770435723, 0.48972958534041944, -0.7082424819051016, -0.8734019405956914, 1731681297327061284, 
0.2160140872001648, 0.3365864157676697, 0.12861651074839522, 0.21344875224851237, 0.4196902030458352, 0.5085864542451595, -0.6783119864286775, -0.9004730468403429, 1731681297416155550, 
-0.12013763189315796, 0.4630897641181946, -0.024465816690860842, 0.2523117605749503, 0.46108186243894284, 0.5472168417996746, -0.644560922648956, -0.928086154948094, 1731681297525931565, 
-0.01875925064086914, -0.11860382556915283, -0.02324417509705809, 0.14798322839139397, 0.33172126098210875, 0.44610715621081454, -0.612228077740153, -0.9517342717819082, 1731681297626047132, 
-0.2475961446762085, -0.03224313259124756, -0.16215276698014636, 0.13008667484464842, 0.3093982664753594, 0.42045056142875503, -0.5849897311594827, -0.9697204973288454, 1731681297726047153, 
-0.14434409141540527, 0.031515300273895264, -0.15075272516824822, 0.13235170593297052, 0.31613244587572803, 0.4186590388289284, -0.5574212077997686, -0.9862683988358282, 1731681297816189594, 
-0.4559805989265442, 0.3071433901786804, -0.33792376483183223, 0.17663476826356947, 0.37450253987112225, 0.47165172317484116, -0.5260102547499244, -1.0034036235392256, 1731681297926810220, 
-0.06599342823028564, -0.36351925134658813, -0.17186848568530957, 0.09074941152981378, 0.23619628952496252, 0.38421184224497684, -0.4974481484888851, -1.017252252931428, 1731681298023075037, 
-0.3053159713745117, 0.09388726949691772, -0.25266669717522805, 0.1272884184609902, 0.3096081333667573, 0.4111275019710357, -0.4712885671806624, -1.0287585323922934, 1731681298121108005, 
0.07050096988677979, -0.03249639272689819, -0.05261034288331684, 0.13223901597094395, 0.31269872643682944, 0.42289592118840474, -0.44147384060343964, -1.0403576246840895, 1731681298220143619, 
-0.1951654553413391, 0.8510236740112305, -0.1372732651725409, 0.2830623528073965, 0.4971048522117559, 0.569421826296755, -0.40239438731124505, -1.0538094237359001, 1731681298312061967, 
-0.09514051675796509, 0.1315762996673584, -0.11269674226653066, 0.1988151815898532, 0.4026946198278637, 0.49371203835511623, -0.3586059719790472, -1.0663577274316782, 1731681298422092163, 
0.3928675651550293, 0.2139526605606079, 0.19956172061606414, 0.19232396513530092, 0.395808018561649, 0.48590214476755367, -0.319798327011337, -1.0752659681035281, 1731681298526070994, 
-0.2421848177909851, 0.2558739185333252, -0.0732961549174368, 0.20068740291104536, 0.41119255974565233, 0.4880618536366095, -0.2804683738021407, -1.082346228694146, 1731681298616149444, 
0.4140228033065796, -0.0748031735420227, 0.22625222956884844, 0.14264587952991423, 0.32782677271150606, 0.4351257780140043, -0.24403672080217198, -1.0869725935051722, 1731681298716514440, 
-0.24028104543685913, 0.21940815448760986, -0.061412765466903, 0.17075839055485523, 0.3735476551399686, 0.45712612087170484, -0.2096142484685749, -1.0898575071339967, 1731681298826542889, 
-0.16865062713623047, -0.09257054328918457, -0.1285923712662282, 0.128943668534859, 0.3139534138823065, 0.4107095601871584, -0.17474559235117956, -1.0911691412389866, 1731681298926061872, 
-0.2800670266151428, 0.4039264917373657, -0.22034168581161595, 0.2005195012455669, 0.400334014753843, 0.5008804994221191, -0.13828128140704052, -1.0910027726683666, 1731681299016164138, 
-0.01351839303970337, -0.15381252765655518, -0.09408917509081285, 0.1281996283131673, 0.2963382173284182, 0.432612538028092, -0.10274572793814085, -1.0891378776451934, 1731681299115944519, 
0.5813761949539185, 0.1022762656211853, 0.323829840621091, 0.14579002763045695, 0.33317250119347797, 0.437581214260521, -0.07180005181807066, -1.086106648402782, 1731681299226071947, 
0.4978633522987366, 0.5669475793838501, 0.43298933110695503, 0.23946005737057383, 0.4601018426390156, 0.5204501159940979, -0.03441597745872377, -1.0808045564456852, 1731681299326058608, 
-0.09238678216934204, -0.006197810173034668, 0.10626193174061677, 0.16925345538749628, 0.373630636764805, 0.4529967265346039, 0.004941332015432998, -1.0732102258794793, 1731681299416062943, 
-0.6373586058616638, 0.20087867975234985, -0.3530304621766131, 0.17820031885281906, 0.37756490233797096, 0.4719726800594034, 0.04183576543441177, -1.0642837120012472, 1731681299525966483, 
-0.155950129032135, 0.52073073387146, -0.2293532232586759, 0.23665090524349094, 0.45332750844371483, 0.5220307632685245, 0.08325830590580828, -1.0522672154321924, 1731681299626179742, 
-0.03736335039138794, -0.2269763946533203, -0.11325989523604874, 0.12031210267018735, 0.29368576507031724, 0.40966269727571236, 0.11949673372275406, -1.039643662799633, 1731681299726072040, 
-0.014454007148742676, 0.7930017709732056, -0.04874281525058968, 0.25545456505061354, 0.4762504266298072, 0.5363870576627958, 0.15541908718251474, -1.0254118599641657, 1731681299816167283, 
-0.29484885931015015, -0.42034971714019775, -0.20452493604727906, 0.09706695218056871, 0.25769062103343865, 0.3766801903433382, 0.18930103993423533, -1.0099316977283392, 1731681299916148042, 
-0.40639328956604004, 0.5021763443946838, -0.32638212260461974, 0.18117611483878915, 0.3923100257227011, 0.46181872233581656, 0.21936929382512926, -0.9947199329921483, 1731681300026074442, 
-0.3164912462234497, -0.5269776582717896, -0.32298487269956283, 0.07229971181998159, 0.20698217963182083, 0.34930404128794107, 0.24670543818153737, -0.9792158689675542, 1731681300126063291, 
-0.365053653717041, 0.312191903591156, -0.34604690723646203, 0.14948146443509383, 0.3383227760039722, 0.4418309231221808, 0.271557466793458, -0.9639770205398589, 1731681300216072620, 
-0.1086111068725586, -0.20558172464370728, -0.20014529605537162, 0.10595231603428688, 0.26317926949977216, 0.40258610123689326, 0.2975438415029074, -0.9464068120230404, 1731681300316209168, 
0.03807699680328369, 1.0462486743927002, -0.04797298220419266, 0.29794618825353464, 0.5291801676794294, 0.5630335497267287, 0.33062926140093113, -0.9222255884640835, 1731681300426072357, 
0.0020412802696228027, 0.16141939163208008, -0.0189253971851166, 0.21295069014835896, 0.4203844499473781, 0.5065617678651415, 0.3672622379220763, -0.8922486585593443, 1731681300526063717, 
0.4625304341316223, 0.49494457244873047, 0.2791771161394976, 0.2532612660437092, 0.46227156708336836, 0.5478625208156807, 0.39932248798297537, -0.8630563781625687, 1731681300617075509, 
-0.49881649017333984, 0.3295590877532959, -0.20208060348597423, 0.23811680313706135, 0.44265650022042147, 0.5379268191441687, 0.4309262249889663, -0.8311481203039203, 1731681300716771183, 
-1.444401502609253, -0.23028922080993652, -0.9722989136643011, 0.1025124427044484, 0.25363656169761684, 0.4041706054455303, 0.45637085428057605, -0.8025683321632165, 1731681300827080679, 
0.5173983573913574, 0.010596215724945068, -0.05162754518119428, 0.07282271468638642, 0.2022214291414098, 0.3601137376764497, 0.4726680981447273, -0.7823446710818427, 1731681300926069761, 
-0.08139300346374512, 0.29721981287002563, -0.06947981164401203, 0.07531262028882062, 0.22764160394447647, 0.3308385593135688, 0.4859083421219176, -0.7647082906006144, 1731681301017163759, 
-0.03825467824935913, -0.4072842001914978, -0.05201214518178669, 0.03274171801331685, 0.11729137852598101, 0.27914854804152794, 0.49563223737936196, -0.7505534533989661, 1731681301126136051, 
0.26142847537994385, -0.14455890655517578, 0.14207871370499592, 0.0432557489334343, 0.14285830295519475, 0.3027877836894141, 0.502663961597487, -0.7397192029836535, 1731681301226091582, 
0.649449348449707, -0.409856915473938, 0.4554908768738307, 0.05415903439728192, 0.1630096996582924, 0.33224424381378714, 0.5097897535872816, -0.7279273819054108, 1731681301326076932, 
0.15689361095428467, 0.0956922173500061, 0.27253922672905695, 0.12145683093820837, 0.2908890195640786, 0.41753666439600073, 0.5203424779685246, -0.7093648528933891, 1731681301417089416, 
-0.037785470485687256, 0.07588988542556763, 0.08130067306082192, 0.13654463716651513, 0.3408201271382905, 0.4006354856827779, 0.5345784480163741, -0.6819196506356794, 1731681301516373284, 
-0.09366369247436523, -0.2807166576385498, -0.028043955309127372, 0.09607805029459347, 0.27533224242922194, 0.34895313911261844, 0.547399549259859, -0.6543252766873995, 1731681301626351489, 
-0.5539800524711609, 0.07878661155700684, -0.351944116123474, 0.13235763802902328, 0.32078786282692945, 0.412601763865463, 0.5593504070489443, -0.6260095335441215, 1731681301726080850, 
-0.3709694743156433, 0.16182386875152588, -0.3626539458136451, 0.1531100434379235, 0.34475463329501704, 0.44411308406376826, 0.5718335124226376, -0.5929792611673033, 1731681301816092294, 
-0.08823776245117188, -0.32829153537750244, -0.1943082589607207, 0.09435921755845837, 0.24626279512959415, 0.3831647306236513, 0.5814299078252311, -0.5636588438173304, 1731681301926811008, 
0.18757688999176025, 0.5970284938812256, 0.04480716121355813, 0.20862424762694734, 0.4122701355376651, 0.5060377399271682, 0.5906887287733148, -0.5313068020237804, 1731681302028119162, 
0.24908268451690674, -0.11792904138565063, 0.16918777354280617, 0.13460248224866125, 0.3173211526708929, 0.4241837681343076, 0.5988420894874447, -0.4965148610146982, 1731681302125083291, 
0.4612918496131897, 0.3381853699684143, 0.35075889404815835, 0.18687768662175822, 0.4008503495473638, 0.46620312750825493, 0.6052436793213667, -0.4624659742441235, 1731681302217098582, 
0.4665713310241699, -0.37604963779449463, 0.4193330879261311, 0.09317172127812726, 0.2713876640165659, 0.34331597796000013, 0.6096048411578614, -0.43114444060236895, 1731681302315832277, 
-0.031890809535980225, 0.3617364168167114, 0.1421553914377428, 0.17540967459511642, 0.3929294015532372, 0.44641524381155406, 0.6127781178297285, -0.3998246140777595, 1731681302427098447, 
0.055565059185028076, -0.42147600650787354, 0.08593654295297756, 0.08994263471370312, 0.2510662763727859, 0.35824259638978884, 0.6145782073638715, -0.36871981520839203, 1731681302525087362, 
-0.3046470284461975, -0.06632506847381592, -0.15475072045703572, 0.11505318648491548, 0.2870266941546963, 0.4008448998925036, 0.615147503280205, -0.34176644232816067, 1731681302616117283, 
-0.717143714427948, -0.016227424144744873, -0.5014554318335385, 0.13277718437062003, 0.3039355808300551, 0.4368596266616842, 0.6146436848436239, -0.3105673644419259, 1731681302714254868, 
-0.0689154863357544, 0.678099513053894, -0.23089171473051678, 0.23941349965324882, 0.4507385571394553, 0.5311582420919362, 0.6123749265583294, -0.2703283574206392, 1731681302826343613, 
0.18327730894088745, 0.15591806173324585, 0.02423937155034961, 0.18919260164644713, 0.39323472446242214, 0.48111875650118624, 0.607754364503517, -0.22781098627479388, 1731681302924091542, 
-0.11454892158508301, 0.10310995578765869, -0.061966390632671856, 0.1653807093338364, 0.3681779323904266, 0.44918691421859, 0.6017399063640382, -0.19002653698565594, 1731681303016123588, 
-0.20455586910247803, -0.0067822933197021484, -0.1506191327810127, 0.14263854140780607, 0.32821779839660026, 0.43458502891866196, 0.594539710921234, -0.15545061205106753, 1731681303114112374, 
0.20953303575515747, 0.1126093864440918, 0.07234420937579714, 0.15687231530359352, 0.3449603609973175, 0.4547546125301435, 0.5861752017072128, -0.12260934389070237, 1731681303226169127, 
-0.14591586589813232, 0.5613354444503784, -0.06059834903321351, 0.24118487499330904, 0.45490771287765974, 0.5301841849803323, 0.5746682433007706, -0.08430340221552728, 1731681303324104333, 
0.29250651597976685, 0.3067547678947449, 0.15713077980086934, 0.22835058172080072, 0.4309915831511514, 0.5298260816400138, 0.559820726328777, -0.04288073479817761, 1731681303416177023, 
0.21002864837646484, 0.14649081230163574, 0.18875891219712826, 0.19343501897756032, 0.38926719350590316, 0.4969209381232558, 0.5442709848128187, -0.005810584402298846, 1731681303526127483, 
-0.3076023459434509, 0.010217249393463135, -0.11888107977277595, 0.14931996330686748, 0.34629951534742653, 0.4311873297225425, 0.5283616497162351, 0.027452508728394685, 1731681303626454450, 
0.36054402589797974, -0.05806320905685425, 0.1768677291536055, 0.1304003264698113, 0.31836722156108943, 0.4095909303426503, 0.5125692978806111, 0.05670611299293621, 1731681303723278191, 
0.3245689868927002, 0.273618221282959, 0.2688936189075499, 0.17887290630744648, 0.3812208044780577, 0.46921076763464536, 0.49533098424215105, 0.08567216710437028, 1731681303817203429, 
-0.0780709981918335, -0.2976763844490051, 0.05230215506644151, 0.10378114350835142, 0.27659865697830405, 0.3752047990474945, 0.4778045450164918, 0.1123576292175504, 1731681303926488355, 
0.7628580331802368, 0.19713455438613892, 0.4923882516693403, 0.15444383008559637, 0.3549904964747743, 0.43506468939111775, 0.460165930253577, 0.13689757649897208, 1731681304026445130, 
-0.20764440298080444, 0.1484464406967163, 0.05957835392881683, 0.17098983857154715, 0.3729801279454689, 0.4584422218776934, 0.4387948404681663, 0.16423894260146446, 1731681304123350594, 
0.05623501539230347, 0.6436982750892639, 0.059361854321653675, 0.27181539262530163, 0.4816923514847854, 0.56429252361481, 0.4112506096723168, 0.19643858552352877, 1731681304216417594, 
-0.17759239673614502, 0.15989476442337036, -0.08851933363759831, 0.20228642987833653, 0.40037151111280245, 0.5052468126817931, 0.38087113703206504, 0.228423976995282, 1731681304317594445, 
-0.009291529655456543, -0.033568382263183594, -0.04062687399116798, 0.1477394111887426, 0.3359310947038227, 0.4397908187659694, 0.3536526623970164, 0.25420378456926673, 1731681304426287705, 
0.20467209815979004, 0.36373084783554077, 0.1121420644108817, 0.19657914762018636, 0.4035978868262835, 0.4870668406269379, 0.3258662113767766, 0.2781600130822699, 1731681304522253357, 
0.09368330240249634, -0.11504381895065308, 0.09906489156873993, 0.13636981242797191, 0.32093098297527656, 0.42491943645864005, 0.2977278822026021, 0.3001445610919756, 1731681304615891768, 
0.40149998664855957, 0.6637738347053528, 0.28835564565999655, 0.25710717411492173, 0.47111018301898344, 0.5457474352757974, 0.26646552379249683, 0.32243893884305463, 1731681304726409175, 
0.02331763505935669, -0.2161571979522705, 0.12139876221287033, 0.12809528072040904, 0.3155611617420213, 0.40592853700142595, 0.23423622719015724, 0.34306603044887485, 1731681304826602792, 
-0.11804640293121338, -0.14165806770324707, -0.02703621554633656, 0.11807771016299894, 0.295316013841938, 0.39983510757461893, 0.20803213825958944, 0.3581459744604849, 1731681304922075712, 
0.25193578004837036, -0.2681981921195984, 0.144569369998124, 0.09739052571264833, 0.255425680512113, 0.38128713415732607, 0.18390206688987826, 0.37072296406628846, 1731681305036755845, 
-0.0010277032852172852, 0.14152896404266357, 0.05587994276127109, 0.1440634666656337, 0.33860529328957384, 0.42546135432806487, 0.15743454460883666, 0.3833506444108353, 1731681305126275013, 
0.6504586338996887, -0.11133056879043579, 0.4224949861335092, 0.12873939728071523, 0.3134910581614265, 0.41066369814740694, 0.12859428531085731, 0.39556729416291353, 1731681305226144090, 
0.24924969673156738, 0.765422523021698, 0.3178428825140892, 0.270687107750518, 0.4854167698406062, 0.55763855838644, 0.09299061875919883, 0.40902259456413054, 1731681305327297014, 
0.05721259117126465, 0.14606595039367676, 0.15504794446408315, 0.19971617058992802, 0.4128921759811653, 0.48370054510075866, 0.051541919480132134, 0.4223711269542156, 1731681305416711540, 
0.4806133508682251, 0.6894811987876892, 0.35767641846782217, 0.30114254797192586, 0.5143598861715708, 0.5854705160104111, 0.008408627251633669, 0.43379889735132043, 1731681305526175765, 
-0.6269165277481079, 0.5314687490463257, -0.25087482231431024, 0.30727370420202177, 0.5178595725823791, 0.5933533345145258, -0.0415901995595465, 0.4443107347150482, 1731681305626159466, 
0.3050524592399597, -0.4703516364097595, 0.08787525301716492, 0.09313524201612783, 0.2472988001431874, 0.37661016536352787, -0.0812728402312361, 0.450090130963665, 1731681305727148649, 
-0.44824767112731934, 0.0928531289100647, -0.24203487289675157, 0.13785587360524346, 0.31772633098764064, 0.4338824332774798, -0.1092625630301534, 0.4529121258545816, 1731681305816235722, 
0.6642305254936218, 0.2815861105918884, 0.3191790769344059, 0.18160673998832905, 0.3835686621914758, 0.47346605155577537, -0.14429880660991218, 0.45493589308700993, 1731681305916051498, 
0.10124087333679199, 0.5060053467750549, 0.185486581257181, 0.25071554641805344, 0.46455035535007505, 0.5396950912439183, -0.18530727335211536, 0.4554389822924866, 1731681306026291814, 
-0.1497541069984436, 0.44278860092163086, -0.02172321531315638, 0.27119329093028616, 0.47080044190943426, 0.5760259906095296, -0.2313374882910735, 0.4536124033675119, 1731681306127127131, 
0.10891067981719971, 0.5471199750900269, 0.05958351562096584, 0.2961067117435275, 0.5043668268138933, 0.5870860175599695, -0.2798220725786277, 0.4490461582705891, 1731681306216263537, 
0.2522405982017517, 0.5806528329849243, 0.17885137875801652, 0.31947648058551603, 0.5265504820558029, 0.6067347604320652, -0.33007175963783325, 0.44129197937771236, 1731681306316067925, 
-0.47649264335632324, 0.3839511275291443, -0.22695583621792834, 0.2759514384022412, 0.482306722945892, 0.5721492678284708, -0.3796280363132411, 0.43063175350904653, 1731681306426143453, 
-0.25504106283187866, 0.33284902572631836, -0.24475864424980182, 0.23663515944146293, 0.4351406022880125, 0.5438130990241126, -0.4251892162073138, 0.41796280496326327, 1731681306527155189, 
-0.33538395166397095, -0.20170098543167114, -0.30284929442401015, 0.13072645636589172, 0.295312975644067, 0.4426708852896898, -0.46175639580004607, 0.40552267484153287, 1731681306616227305, 
0.898048460483551, -0.29839587211608887, 0.4381786072146317, 0.09360565915209969, 0.2373221164321377, 0.3944245085934342, -0.4866478225955235, 0.39556086635331844, 1731681306716651905, 
-0.46214473247528076, 0.09188711643218994, -0.1170990832245074, 0.13765356172226348, 0.3184174355935196, 0.43230535245559587, -0.5111393161684166, 0.38473927448683787, 1731681306822173174, 
-0.30027562379837036, 0.9440997242927551, -0.22645249721518912, 0.31459446988560924, 0.5181549452098225, 0.6071436214088758, -0.5495508355147392, 0.36578253103272207, 1731681306927131205, 
-0.015134453773498535, 0.048391520977020264, -0.0979249905132914, 0.18786769419143182, 0.3861291817942983, 0.4865410413127339, -0.589715726134847, 0.3431718414933773, 1731681307016134468, 
0.34939664602279663, 0.5737839341163635, 0.18006980839116593, 0.259014184088302, 0.47351353965165344, 0.5470048106308624, -0.6256288285307625, 0.3203268543877731, 1731681307127061334, 
0.24485623836517334, 0.19603681564331055, 0.21875305262319683, 0.2104622829024593, 0.4181438912950577, 0.5033250210845467, -0.6611922493893373, 0.2949453665067509, 1731681307226154581, 
0.009933531284332275, 0.4476531147956848, 0.09000864451969015, 0.24235813145725993, 0.4500449393429482, 0.5385198460649182, -0.6943488969057886, 0.26857672201766924, 1731681307328141058, 
0.3198094964027405, -0.47291088104248047, 0.22801555067590584, 0.09046037979542872, 0.24470724672724975, 0.36966776017162944, -0.7202330816118575, 0.24556918052634333, 1731681307416151688, 
-0.5091618895530701, 0.12560927867889404, -0.22611834362939287, 0.13964786260221002, 0.32581944212567027, 0.4286050632557007, -0.7404868632321637, 0.22605831341416796, 1731681307515970222, 
-0.1410285234451294, 0.02020317316055298, -0.17325181344482235, 0.1448722416544602, 0.32121200303809677, 0.45101752202353995, -0.7634698643514887, 0.2019362454688544, 1731681307626821550, 
0.0010323524475097656, 0.7923805713653564, -0.06227245225055682, 0.28068811279705524, 0.49310926533048294, 0.5692209263375683, -0.7909322997790741, 0.1706316408783344, 1731681307727409150, 
0.05372089147567749, -0.05825459957122803, 0.006984824028436851, 0.16125580440219117, 0.354565768740312, 0.4547980053886611, -0.8171820010029383, 0.13719988614798412, 1731681307816478782, 
-0.09593826532363892, 0.4159153699874878, -0.05539662642340795, 0.2106993252473548, 0.4195696178340505, 0.5021796533673019, -0.8395276718950341, 0.10567673178137436, 1731681307917724952, 
-0.06709295511245728, -0.21055710315704346, -0.0648658485635077, 0.1251462916533916, 0.2884982067001324, 0.43378533643181283, -0.8586504075226908, 0.07552514066620843, 1731681308027014406, 
-0.20408129692077637, -0.49460262060165405, -0.15242088642780244, 0.06931478419595574, 0.19444066687067016, 0.35648295858838847, -0.8710260099635792, 0.05390919504082524, 1731681308127160680, 
0.2560659646987915, -0.12195026874542236, 0.10102750948910938, 0.0966895116406237, 0.24710025661112028, 0.3912966864813542, -0.8813791499338914, 0.034128918624451665, 1731681308218153407, 
-0.4759095311164856, 0.38819700479507446, -0.25311466164199276, 0.1822135711007017, 0.3774968330840933, 0.4826890059236888, -0.8951666096053023, 0.005368109448072558, 1731681308316390781, 
0.598701536655426, 0.2948874831199646, 0.273882055947201, 0.2020248641662834, 0.40910418153363154, 0.4938225353965867, -0.910572991079966, -0.03110083152152671, 1731681308426505356, 
-0.1052294373512268, 0.5196465253829956, 0.04038514970615559, 0.2586270995995484, 0.46946901418564735, 0.5508927997051507, -0.9253457438732635, -0.07146219621694366, 1731681308527150776, 
-0.18001633882522583, 0.52794349193573, -0.09541847346778129, 0.2818633875169083, 0.48941136162790916, 0.5759232613222496, -0.9394538447907045, -0.11730624588088218, 1731681308618362201, 
0.10989338159561157, 0.19964617490768433, 0.030141398544606235, 0.21312298181739084, 0.41337383099223834, 0.5155696027148668, -0.9503552155629514, -0.16159189212095051, 1731681308716334400, 
-0.023203909397125244, 0.01512235403060913, -0.003964788473806692, 0.15851136429965745, 0.35362887374199004, 0.44824214330221346, -0.9575740608606724, -0.1996361698019836, 1731681308826168433, 
-0.34557491540908813, 0.023677527904510498, -0.2153561959092766, 0.13903393620772087, 0.3288535608679963, 0.42278373340628017, -0.9624205029369141, -0.2340615330843071, 1731681308927156694, 
-0.44017481803894043, 0.14008426666259766, -0.3535097435517573, 0.15599328352125108, 0.3446859948896037, 0.4525663526631325, -0.9657912187549978, -0.26891754837003995, 1731681309017166090, 
-0.6213964223861694, 0.15066134929656982, -0.5182450813511164, 0.16325275709942413, 0.34805233828042637, 0.46904657473638667, -0.9677562866427522, -0.30574314681147746, 1731681309115948339, 
-0.14082276821136475, 0.3397819399833679, -0.28348168611747004, 0.19704681454819722, 0.3924776025748078, 0.502058749991063, -0.9680512172844397, -0.34504393016250606, 1731681309227162707, 
-0.6199062466621399, 0.2563416361808777, -0.490845223903013, 0.19016453597349922, 0.3858694268338033, 0.4928209460227706, -0.966385404217894, -0.3859692788249251, 1731681309327159921, 
0.2173038125038147, 0.8073861598968506, -0.0502051593349615, 0.3062078386766048, 0.5242845290762926, 0.5840489690132477, -0.9621566983560517, -0.4327888373860802, 1731681309416165748, 
-0.31888407468795776, 0.06797051429748535, -0.21843523212484522, 0.19097962627580567, 0.3904787737317823, 0.4890909291960349, -0.9553811748959469, -0.4788239434616154, 1731681309516254963, 
-0.011642158031463623, 0.3356330990791321, -0.08977001318790964, 0.20889853205259865, 0.42294731623448817, 0.49391147321238055, -0.9472250475137891, -0.519542509720278, 1731681309626413240, 
0.41418761014938354, -0.10945594310760498, 0.2197253151196333, 0.13167110213526564, 0.3205763171603767, 0.410732468641449, -0.9380166570072657, -0.5556239613669796, 1731681309726159756, 
-0.0176393985748291, 0.3478195071220398, 0.07418580416541695, 0.19256177078261508, 0.3987727064891436, 0.48288603419717113, -0.927924147344351, -0.5890189347640081, 1731681309817184126, 
0.6148849725723267, -0.2629746198654175, 0.4059666201639124, 0.11394405686502733, 0.2884342850574277, 0.3950433868925842, -0.9168162475657445, -0.6202978532429144, 1731681309915923459, 
0.050305306911468506, 0.513957142829895, 0.18802972966768847, 0.2143604930333061, 0.4213608687494184, 0.5087337456596744, -0.9042851129204156, -0.6515080452465262, 1731681310029385030, 
0.47068458795547485, -0.13344544172286987, 0.36042813293337705, 0.13671891774700518, 0.31959309366330924, 0.4277905889012681, -0.8894677147074024, -0.6838006394244134, 1731681310126166646, 
-0.003976583480834961, 0.732324481010437, 0.13776049412444558, 0.2680616336308177, 0.4850197379083895, 0.5526819068989088, -0.87186978938324, -0.7181913962274284, 1731681310218179255, 
-0.29206186532974243, -0.4513905644416809, -0.13179111551952388, 0.09350194468106593, 0.2685711893605358, 0.34814584879224286, -0.8529615342409511, -0.7509550018129502, 1731681310314881941, 
0.3858383893966675, 0.5754878520965576, 0.19084858975956082, 0.19732603566158827, 0.42030718195428474, 0.4694805231356972, -0.8347485586328771, -0.7795579115340731, 1731681310427181771, 
-0.29911738634109497, 0.06588006019592285, -0.1130094930646518, 0.15944114785202826, 0.3654577633560152, 0.4362779063382673, -0.8125109956568998, -0.8114267929309682, 1731681310525172648, 
0.036825597286224365, 0.978095293045044, -0.017002932662291373, 0.33444687141079305, 0.547347231814234, 0.6110323611251991, -0.7846834435275967, -0.8477698385962915, 1731681310617185998, 
0.11649757623672485, 0.7798235416412354, 0.06626833578670414, 0.3932919593196377, 0.591797653141113, 0.6645716778904799, -0.7478271416045903, -0.8909157257435204, 1731681310726965847, 
-0.03837364912033081, -0.06290572881698608, -0.0023814760553862446, 0.18556861833488403, 0.3796365045886076, 0.48880604497182145, -0.7133640879632135, -0.9263412641442595, 1731681310827298654, 
-6.604194641113281e-05, -0.06688624620437622, -0.0020707812237888952, 0.13511826574609087, 0.3205359412635955, 0.42153858070778777, -0.6870596484154381, -0.9504569405484908, 1731681310925244926, 
-0.27411752939224243, 0.2785177230834961, -0.16903945754196753, 0.17720864470496356, 0.37617080458831775, 0.47108558809847334, -0.6602666784109784, -0.9728947419598548, 1731681311017212293, 
-0.11604571342468262, 0.3971184492111206, -0.13521079090742444, 0.2203267896776132, 0.4209086527016959, 0.523455120875745, -0.6280374647418971, -0.9974884133442711, 1731681311114412564, 
0.5750636458396912, 0.3653465509414673, 0.30401876598857297, 0.2285171129754092, 0.44363192519483546, 0.5151052032043195, -0.592548036100676, -1.0218706239010502, 1731681311226186482, 
-0.3198964595794678, 0.14730042219161987, -0.08262290950494533, 0.18852843884319134, 0.39769685627823903, 0.4740506138456673, -0.5571731171665806, -1.0435587854802766, 1731681311324176211, 
0.6956163048744202, 0.18902146816253662, 0.3978911939909422, 0.1865860517811672, 0.3864004720796154, 0.4828825668275123, -0.5234139270696065, -1.0619117581103046, 1731681311417261750, 
-0.0065767765045166016, 0.3706928491592407, 0.1481779056856803, 0.22281149769287162, 0.4276200679300787, 0.5210501433466498, -0.4882886616544317, -1.078958006309879, 1731681311518586098, 
0.7465124726295471, 0.32410597801208496, 0.5175911255199876, 0.22393799655993687, 0.43946117129031964, 0.5095740219833836, -0.449792663488789, -1.0952779379687836, 1731681311627233573, 
0.23778992891311646, -0.017599523067474365, 0.3425776333947205, 0.16055457765267098, 0.36732124083298723, 0.43709581642644935, -0.41378570410799986, -1.1083671616551898, 1731681311724620148, 
-0.32490360736846924, 0.271708607673645, -0.06953870803417589, 0.1916537764103275, 0.40318315744418687, 0.47535164322150125, -0.3780055440412442, -1.1195451649452495, 1731681311817666542, 
-0.009603023529052734, 0.04167979955673218, -0.03333802984159305, 0.15372733764265709, 0.35125698166709246, 0.4376492017697567, -0.3411970249729903, -1.129198178807485, 1731681311927560921, 
0.19809412956237793, 0.4875982999801636, 0.1112250369280793, 0.22576746794000235, 0.43959263938665316, 0.5135833672169923, -0.3028387952279027, -1.13743781816434, 1731681312027359518, 
-0.22127008438110352, 0.13804084062576294, -0.09511678510933123, 0.18313809619567745, 0.39356177966299977, 0.4653350646815742, -0.2617709939675105, -1.1442405010603498, 1731681312123268651, 
-0.07141846418380737, 0.35146886110305786, -0.07984583517986098, 0.21059043494821073, 0.41888608808019606, 0.5027391478035743, -0.2211142754951288, -1.1489281325434064, 1731681312217198112, 
-0.4266379475593567, -0.0462641716003418, -0.29540659458114993, 0.1493066083392917, 0.3320586141782787, 0.4496393165669559, -0.18269462115567897, -1.1514742931102975, 1731681312317216095, 
0.3239361643791199, 0.6337681412696838, 0.08985553762551202, 0.2439263666004843, 0.45949469815905397, 0.5308578479311403, -0.14257767784460124, -1.1523066413594028, 1731681312427451051, 
0.013224899768829346, 0.09420186281204224, 0.04109933493613673, 0.18022149641411664, 0.38847118451021434, 0.4639250055093287, -0.10045971996995438, -1.1510378988710677, 1731681312522887244, 
-0.06009012460708618, 0.7245396375656128, -0.0193384592682928, 0.29101389592001237, 0.5043081902088644, 0.5770556607448433, -0.05648344281383218, -1.1475478255788358, 1731681312617773111, 
-0.10268151760101318, 0.5506854057312012, -0.07054787834320733, 0.29908885110698225, 0.5167973572261011, 0.5787352565275011, -0.005608847966076789, -1.1408552309071873, 1731681312726940363, 
-0.21103882789611816, -0.328263521194458, -0.16131612368646828, 0.11517154173742429, 0.2911964472408516, 0.3955114934563907, 0.035589654398763305, -1.1329237057334742, 1731681312827664179, 
0.14061933755874634, 0.1314178705215454, 0.02617306053944876, 0.14956318454988443, 0.3313663085383444, 0.4513530214028309, 0.06581700327949923, -1.1255503502456932, 1731681312922202679, 
0.19092261791229248, 0.2831966280937195, 0.12882588609163403, 0.18437637749460992, 0.3857716573550426, 0.47794174087009256, 0.09996174543149565, -1.1157305627792444, 1731681313017299742, 
0.21824055910110474, 0.4710037112236023, 0.18503639674441422, 0.23938575127396583, 0.45421711002418297, 0.5270293566466941, 0.13896199831411146, -1.102500392520904, 1731681313117167929, 
0.24246227741241455, 0.3591081500053406, 0.220188459871701, 0.2371138528056209, 0.4553849160217254, 0.520688860046275, 0.1802666961115823, -1.0860965878495148, 1731681313227403233, 
-0.23886042833328247, -0.5958908796310425, -0.0679128005017467, 0.06939994961335354, 0.22271552223642527, 0.3116080501101379, 0.21135087546170678, -1.0718004301541513, 1731681313327228932, 
0.25892579555511475, 0.1794184446334839, 0.13590904615431823, 0.13571806816952967, 0.3249523647113874, 0.4176552716890374, 0.2351693290563463, -1.0596367003018283, 1731681313417667372, 
-0.4593448042869568, -0.17471694946289062, -0.23259704746691443, 0.11054017761702654, 0.28538994383711913, 0.3873303177077439, 0.2618847537627658, -1.0447650858740734, 1731681313527529594, 
0.3730745315551758, 0.8507416248321533, 0.14537816891004038, 0.2602053258890408, 0.4861531872620286, 0.5352331995486731, 0.2954737378790275, -1.0243355200105788, 1731681313627485601, 
-0.1894066333770752, 0.15870529413223267, -0.06300014110657812, 0.19940291112823605, 0.4071406793829387, 0.48976415579610116, 0.3319871120036759, -0.9995801176622842, 1731681313727529314, 
-0.19289934635162354, 0.1711077094078064, -0.14364200011795633, 0.18375104272883513, 0.37663936930745034, 0.48786998307348833, 0.3636085091065644, -0.9757052718134901, 1731681313817831411, 
0.4635937213897705, -0.06234186887741089, 0.23051468192591248, 0.1348570501477853, 0.31835807505005775, 0.42360178904392715, 0.39036807666126305, -0.9533517407264294, 1731681313927806191, 
-0.20934247970581055, -0.10751432180404663, -0.04186046135097751, 0.12100584157112469, 0.2987108602993655, 0.40509354581167106, 0.4127416498277211, -0.9328935111557747, 1731681314027287128, 
-0.03822469711303711, -0.2924755811691284, -0.040459570567619584, 0.08800711176480648, 0.2476448528840594, 0.3553763009401573, 0.43232010016423744, -0.9134361035112496, 1731681314128355335, 
0.19278860092163086, -0.05527162551879883, 0.10438058065614378, 0.11677179909615147, 0.2887880463823982, 0.40435122076184654, 0.450496606221349, -0.8939324565205715, 1731681314217314410, 
0.05669832229614258, 0.29980337619781494, 0.07637708921964703, 0.18231943184751762, 0.3807615934525876, 0.4788283140490114, 0.47222690515552057, -0.8688169343627562, 1731681314327039472, 
0.03893464803695679, 0.4125176668167114, 0.05404679629916576, 0.23396004419259506, 0.4324764021053983, 0.5409775956644611, 0.49718929758341224, -0.8371502512682139, 1731681314423455143, 
-0.21231824159622192, 0.05636817216873169, -0.11190242023706967, 0.17302925954570214, 0.35591449322793234, 0.48615401406228187, 0.5200079870180863, -0.8049198572183165, 1731681314523250352, 
0.28882884979248047, -0.4616600275039673, 0.13321899112316313, 0.07841327713070116, 0.21756802107181653, 0.36040810016292746, 0.5355696509268486, -0.7802765358421283, 1731681314617313845, 
-0.010184764862060547, -0.1366521120071411, 0.045209905738068656, 0.09663073113098962, 0.26133469013985605, 0.36975853102118456, 0.547354745060807, -0.7599211167585279, 1731681314728393913, 
-0.48977041244506836, 0.06626594066619873, -0.28427842151765703, 0.13471554722107232, 0.3142888351707436, 0.42863612112687827, 0.5610955307771361, -0.7340213632205682, 1731681314827238030, 
0.03381216526031494, 0.7026411294937134, -0.08468008459714677, 0.2556331972779997, 0.4661895901850429, 0.5483460005542642, 0.5786580823635757, -0.6974942891854391, 1731681314927222298, 
0.1749880313873291, 0.1696794629096985, 0.0747449127824528, 0.19656367402500366, 0.4063700843183921, 0.48370606402954475, 0.5955486230432205, -0.6572226161556833, 1731681315017337159, 
0.09500831365585327, 0.8766941428184509, 0.08981762559877111, 0.34152756587300453, 0.5538313063849327, 0.6166635254014163, 0.6115526918297698, -0.6128532700047962, 1731681315117415623, 
-0.06859070062637329, -0.29155582189559937, -0.012517827730332845, 0.130831362802279, 0.3132409395655461, 0.417670062488439, 0.6240189939365611, -0.5710143498258399, 1731681315177237314, 
-0.3415411710739136, 0.34096235036849976, -0.21427164652182956, 0.18635293347805854, 0.38858758048579084, 0.4795648209988861, 0.6324068290940094, -0.536843676883118, 1731681315327249762, 
